"train/global_step","Group: pt-pl50 - _step","Group: pt-pl50 - _step__MIN","Group: pt-pl50 - _step__MAX","Group: pt-pl50 - eval/overall_f1","Group: pt-pl50 - eval/overall_f1__MIN","Group: pt-pl50 - eval/overall_f1__MAX","Group: seq_bn-rf64 - _step","Group: seq_bn-rf64 - _step__MIN","Group: seq_bn-rf64 - _step__MAX","Group: seq_bn-rf64 - eval/overall_f1","Group: seq_bn-rf64 - eval/overall_f1__MIN","Group: seq_bn-rf64 - eval/overall_f1__MAX","Group: seq_bn-rf16 - _step","Group: seq_bn-rf16 - _step__MIN","Group: seq_bn-rf16 - _step__MAX","Group: seq_bn-rf16 - eval/overall_f1","Group: seq_bn-rf16 - eval/overall_f1__MIN","Group: seq_bn-rf16 - eval/overall_f1__MAX","Group: pt-pl5 - _step","Group: pt-pl5 - _step__MIN","Group: pt-pl5 - _step__MAX","Group: pt-pl5 - eval/overall_f1","Group: pt-pl5 - eval/overall_f1__MIN","Group: pt-pl5 - eval/overall_f1__MAX","Group: unipelt - _step","Group: unipelt - _step__MIN","Group: unipelt - _step__MAX","Group: unipelt - eval/overall_f1","Group: unipelt - eval/overall_f1__MIN","Group: unipelt - eval/overall_f1__MAX","Group: lora-r16 - _step","Group: lora-r16 - _step__MIN","Group: lora-r16 - _step__MAX","Group: lora-r16 - eval/overall_f1","Group: lora-r16 - eval/overall_f1__MIN","Group: lora-r16 - eval/overall_f1__MAX","Group: lora-r8 - _step","Group: lora-r8 - _step__MIN","Group: lora-r8 - _step__MAX","Group: lora-r8 - eval/overall_f1","Group: lora-r8 - eval/overall_f1__MIN","Group: lora-r8 - eval/overall_f1__MAX","Group: baseline - _step","Group: baseline - _step__MIN","Group: baseline - _step__MAX","Group: baseline - eval/overall_f1","Group: baseline - eval/overall_f1__MIN","Group: baseline - eval/overall_f1__MAX"
"96","1","1","1","0.1076815497561064","0.056451612903225805","0.1705685618729097","1","1","1","0","0","0","1","1","1","0.003965708765998551","0","0.009999999999999998","1","1","1","0.26102807905918596","0.20667726550079493","0.29675810473815456","1","1","1","0.007889964345377188","0","0.014705882352941178","1","1","1","0","0","0","1","1","1","0","0","0","1","1","1","0.9101632626595334","0.8851674641148325","0.9439601494396015"
"192","3","3","3","0.6403029080597549","0.6104046242774567","0.6725","3","3","3","0.0887872479877767","0.07947019867549669","0.11368421052631579","3","3","3","0.3826719259436824","0.3642691415313225","0.4054982817869416","3","3","3","0.622539742047997","0.5198135198135198","0.6929510155316608","3","3","3","0.5563701441624346","0.5021834061135371","0.609286523216308","3","3","3","0.01469339648418426","0","0.028985507246376812","3","3","3","0.003997782113370982","0","0.005063291139240506","3","3","3","0.9255092419464498","0.9082240762812873","0.9496221662468514"
"288","5","5","5","0.8503799275228039","0.8421052631578947","0.8681055155875299","5","5","5","0.3802152394551671","0.3718104495747266","0.39260969976905313","5","5","5","0.6111429110892358","0.5787631271878646","0.6593939393939394","5","5","5","0.8271994460676215","0.7990196078431372","0.8454882571075402","5","5","5","0.8252632132470594","0.8114558472553698","0.8467153284671532","5","5","5","0.2359239060031652","0.2066869300911854","0.2705314009661836","5","5","5","0.0741641220479656","0.05714285714285715","0.10480349344978165","5","5","5","0.936786407852771","0.9204406364749081","0.9534591194968555"
"384","7","7","7","0.8700987832057429","0.848180677540778","0.8848920863309352","7","7","7","0.4716884145713025","0.45","0.4873563218390805","7","7","7","0.7644419304718371","0.746730083234245","0.7885572139303483","7","7","7","0.8613841708147089","0.8405438813349815","0.8705035971223021","7","7","7","0.8605998642828409","0.8421052631578947","0.8843373493975903","7","7","7","0.5230076231329159","0.4793577981651376","0.5707317073170732","7","7","7","0.314987752856893","0.2964028776978417","0.34492753623188405","7","7","7","0.9394111622637438","0.9251533742331289","0.957286432160804"
"480","9","9","9","0.9005330735281948","0.8819875776397517","0.9149999999999999","9","9","9","0.550532832807083","0.5401785714285714","0.5587229190421893","9","9","9","0.8297285277857794","0.8169696969696969","0.8391777509068923","9","9","9","0.88645224055098","0.8660826032540676","0.8982630272952854","9","9","9","0.8984764157634592","0.891358024691358","0.9057071960297767","9","9","9","0.7137885968190723","0.6847058823529412","0.7587878787878788","9","9","9","0.5392881288680386","0.503579952267303","0.5919610231425092","9","9","9","0.9398641718010481","0.9268897149938042","0.9597989949748744"
"576","11","11","11","0.9092913887283777","0.9034653465346535","0.9160493827160494","11","11","11","0.6324334697593619","0.6184649610678532","0.6495327102803738","11","11","11","0.8641576738918278","0.8511166253101737","0.8713592233009709","11","11","11","0.8870183721434273","0.8742368742368742","0.9130966952264383","11","11","11","0.8909776137673082","0.8712121212121212","0.9082007343941247","11","11","11","0.820372404312231","0.8034188034188035","0.8327402135231317","11","11","11","0.70309610756995","0.6573426573426573","0.7451456310679612","11","11","11","0.9282435715738234","0.9066002490660026","0.9518987341772152"
"672","13","13","13","0.9147440790971618","0.8991282689912827","0.9251533742331288","13","13","13","0.7015739145308384","0.6825938566552902","0.7218934911242604","13","13","13","0.876303246753466","0.8581818181818182","0.8932515337423312","13","13","13","0.9066966594612623","0.8745341614906832","0.9388264669163546","13","13","13","0.9148956017368605","0.9041769041769041","0.9244114002478315","13","13","13","0.838648083286806","0.8250904704463209","0.8491484184914841","13","13","13","0.7896163925872868","0.7616766467065869","0.8121951219512196","13","13","13","0.9275057446255095","0.9102244389027431","0.9622166246851386"
"768","15","15","15","0.9183530622716596","0.8991282689912827","0.9328449328449329","15","15","15","0.7695637186480222","0.7517730496453902","0.7885572139303483","15","15","15","0.8847167085114827","0.8706467661691543","0.9041769041769041","15","15","15","0.9132467188005302","0.8977556109725686","0.9379652605459057","15","15","15","0.9267775510169513","0.9064039408866995","0.9408866995073891","15","15","15","0.8594933807967804","0.8427518427518427","0.8669950738916257","15","15","15","0.8323233560082353","0.8268292682926829","0.8379351740696278","15","15","15","0.9393388060215037","0.9195979899497487","0.9660377358490567"
"864","17","17","17","0.9213094713130026","0.9025","0.9343246592317224","17","17","17","0.8125057094857571","0.7933491686460807","0.8190476190476189","17","17","17","0.8990783079565056","0.8910891089108911","0.910411622276029","17","17","17","0.91017604016808","0.8933002481389579","0.9493201483312732","17","17","17","0.9238369631544137","0.9079445145018917","0.9432098765432098","17","17","17","0.8756435218190056","0.8571428571428572","0.8894348894348895","17","17","17","0.84980142045241","0.8450363196125908","0.854014598540146","17","17","17","0.9393599547718429","0.9215442092154421","0.9516539440203563"
"960","19","19","19","0.9319279642968095","0.9259259259259259","0.9434889434889435","19","19","19","0.848574042615056","0.8343558282208589","0.8633093525179856","19","19","19","0.9017715843138203","0.8910179640718562","0.9197080291970804","19","19","19","0.920120142186521","0.8866749688667498","0.9468479604449939","19","19","19","0.9227508625415626","0.913730255164034","0.9305210918114144","19","19","19","0.887081032510831","0.8639618138424822","0.9037037037037038","19","19","19","0.8560193317172198","0.8504901960784313","0.8641370869033048","19","19","19","0.9405408399880024","0.9282178217821783","0.957286432160804"
"1056","21","21","21","0.9408663663876011","0.9300613496932515","0.9563046192259675","21","21","21","0.855533922694876","0.8359659781287971","0.8647990255785628","21","21","21","0.9095086890499839","0.9027431421446384","0.9213759213759215","21","21","21","0.9237622632213945","0.8968152866242037","0.946450809464508","21","21","21","0.9369385221223407","0.9267080745341615","0.9460476787954831","21","21","21","0.8916229729765845","0.8727272727272727","0.9149198520345253","21","21","21","0.8660376350791277","0.860215053763441","0.8728179551122195","21","21","21","0.9421779516597061","0.9330024813895781","0.9521410579345088"
"1152","23","23","23","0.9360819311015426","0.9292929292929293","0.950943396226415","23","23","23","0.8610414756924148","0.8519417475728155","0.8681983071342201","23","23","23","0.9157159637118548","0.9030674846625767","0.928395061728395","23","23","23","0.9268066014303699","0.9138576779026217","0.9392812887236679","23","23","23","0.9303052934065617","0.9215442092154421","0.949748743718593","23","23","23","0.8999296510543404","0.879330943847073","0.9137931034482758","23","23","23","0.8785376749388819","0.8703923900118906","0.892156862745098","23","23","23","0.944811710829832","0.9330024813895781","0.9611041405269761"
"1248","25","25","25","0.9351424357050115","0.9257861635220125","0.9551122194513715","25","25","25","0.8807344031011908","0.8670807453416148","0.8899755501222494","25","25","25","0.9186611984705321","0.9043478260869565","0.9425","25","25","25","0.9271945150108889","0.9133089133089134","0.9538077403245941","25","25","25","0.9347534804480787","0.9171817058096415","0.9536921151439299","25","25","25","0.9077295050926051","0.8995098039215687","0.9142857142857144","25","25","25","0.8878877388716051","0.8758949880668259","0.9003690036900369","25","25","25","0.949389495908405","0.9439601494396015","0.9598997493734336"
"1344","27","27","27","0.9346549510536157","0.927860696517413","0.9425","27","27","27","0.8749824249687757","0.8493150684931507","0.8894348894348895","27","27","27","0.9126310130130623","0.9060913705583755","0.9267080745341615","27","27","27","0.9322535989805367","0.9273885350318473","0.9439601494396015","27","27","27","0.9229969644490174","0.9048207663782447","0.9525","27","27","27","0.9046368285504762","0.8965517241379312","0.9131513647642681","27","27","27","0.8989852779878313","0.8937728937728937","0.9093167701863355","27","27","27","0.9441419658637411","0.9364881693648817","0.9623115577889447"
"1440","29","29","29","0.9395683068238924","0.9323308270676693","0.9501246882793017","29","29","29","0.8879575958751106","0.880893300248139","0.8957055214723927","29","29","29","0.9249539939836623","0.9183168316831684","0.9402985074626866","29","29","29","0.9293639615396307","0.9164556962025318","0.9514321295143213","29","29","29","0.9414803240351498","0.9349999999999999","0.9514321295143213","29","29","29","0.9079102551814543","0.8968824940047962","0.918444165621079","29","29","29","0.8944427594396386","0.8841099163679809","0.9022004889975549","29","29","29","0.9383082600229949","0.9245982694684796","0.9546599496221662"
"1536","31","31","31","0.9331953983283274","0.9281210592686003","0.9427860696517413","31","31","31","0.8845012375505286","0.8757687576875769","0.8899755501222494","31","31","31","0.9209249111349365","0.9093167701863355","0.9326805385556914","31","31","31","0.9282496759272186","0.9225","0.94","31","31","31","0.9370034834100652","0.9234567901234567","0.95","31","31","31","0.9044520806562382","0.8948004836759371","0.9104294478527607","31","31","31","0.8987429262036748","0.8875739644970415","0.9079754601226994","31","31","31","0.9358374049909388","0.919454770755886","0.9506953223767383"
"1632","33","33","33","0.9381699244104116","0.9309912170639899","0.946583850931677","33","33","33","0.8926415707358778","0.8894409937888199","0.8958837772397095","33","33","33","0.9258178698999553","0.9120198265179678","0.9489414694894147","33","33","33","0.9333949222491296","0.9270704573547589","0.9414694894146949","33","33","33","0.934406092760302","0.9265255292652553","0.945273631840796","33","33","33","0.9148418699262677","0.9082125603864735","0.9213483146067416","33","33","33","0.9078674744910057","0.9020556227327691","0.9163545568039951","33","33","33","0.9464265527441423","0.9379652605459058","0.964824120603015"
"1728","35","35","35","0.9337903366612261","0.9120603015075377","0.951188986232791","35","35","35","0.8960304162376556","0.8728179551122195","0.9086419753086421","35","35","35","0.9279419708895382","0.9142857142857144","0.946450809464508","35","35","35","0.926811171335812","0.9024081115335868","0.9527363184079602","35","35","35","0.9338420227795273","0.9160493827160494","0.951310861423221","35","35","35","0.9125306423874834","0.9009900990099009","0.9189873417721519","35","35","35","0.9101058831416431","0.9031476997578692","0.9147095179233623","35","35","35","0.9396105012638266","0.929889298892989","0.950943396226415"
"1824","37","37","37","0.9324839796054206","0.9240506329113924","0.9435382685069008","37","37","37","0.9010106272551408","0.8830845771144279","0.9169764560099132","37","37","37","0.9286963461824322","0.915211970074813","0.9536921151439299","37","37","37","0.9348235447585154","0.9090909090909092","0.9447236180904522","37","37","37","0.9341186234246208","0.9158415841584158","0.951310861423221","37","37","37","0.9138261280437657","0.9044117647058824","0.9240348692403487","37","37","37","0.9067326024936685","0.9012048192771085","0.9120603015075376","37","37","37","0.9377780103939648","0.929889298892989","0.9508196721311476"
"1920","39","39","39","0.9277153257720672","0.9008782936010038","0.9366459627329192","39","39","39","0.9007511356812307","0.8880597014925373","0.9147095179233623","39","39","39","0.9248176141118126","0.9093167701863355","0.9338235294117648","39","39","39","0.9338082699609377","0.9088639200998752","0.9478908188585606","39","39","39","0.935016943418917","0.9238451935081149","0.9501246882793017","39","39","39","0.915599008937102","0.9093137254901961","0.9210206561360874","39","39","39","0.9056405644506347","0.8912783751493429","0.9132075471698112","39","39","39","0.9423695700899517","0.9280397022332506","0.9610062893081761"
"2016","41","41","41","0.9294559744729659","0.916030534351145","0.9411764705882354","41","41","41","0.902753160137767","0.8943488943488943","0.914004914004914","41","41","41","0.9265309246643479","0.9062119366626066","0.9368029739776953","41","41","41","0.9357299130492063","0.9254108723135271","0.9463171036204745","41","41","41","0.9340195823886545","0.9221260815822002","0.9478908188585609","41","41","41","0.9131942771515404","0.9066002490660026","0.9221260815822002","41","41","41","0.9057418732933182","0.8955582232893157","0.9155446756425949","41","41","41","0.9450703435520458","0.9338327091136079","0.964735516372796"
"2112","43","43","43","0.9318198478107135","0.9164619164619164","0.9435382685069008","43","43","43","0.9101517879140328","0.8897149938042132","0.9232673267326732","43","43","43","0.9297218197391774","0.9244114002478315","0.9443757725587145","43","43","43","0.9381286678010694","0.924433249370277","0.9473684210526316","43","43","43","0.9394720963938743","0.9232673267326732","0.9501246882793017","43","43","43","0.9131066142054113","0.8921212121212122","0.9213483146067415","43","43","43","0.9057417666440652","0.9018181818181819","0.9164619164619165","43","43","43","0.9408824733326474","0.9331651954602775","0.9586983729662076"
"2208","45","45","45","0.9351806047958254","0.9247842170160295","0.9416149068322981","45","45","45","0.9127935714546938","0.9","0.9267080745341615","45","45","45","0.9276491029280269","0.9047619047619048","0.9489414694894147","45","45","45","0.9301889827127023","0.916243654822335","0.9551122194513715","45","45","45","0.9389361926742337","0.9313725490196078","0.9523809523809523","45","45","45","0.9174215743179952","0.9054726368159204","0.9276807980049875","45","45","45","0.9090552076502796","0.902676399026764","0.9168765743073048","45","45","45","0.9408947601000925","0.927860696517413","0.9559748427672956"
"2304","47","47","47","0.9336308127025091","0.9213759213759214","0.9389788293897883","47","47","47","0.9061319658711234","0.8905472636815919","0.919454770755886","47","47","47","0.9313840658388004","0.9159561510353228","0.9461827284105131","47","47","47","0.9394870973805745","0.9257861635220126","0.9536921151439299","47","47","47","0.9396403838729375","0.9205955334987593","0.9521410579345088","47","47","47","0.9128804708323015","0.9066339066339066","0.9232704402515725","47","47","47","0.9085995798169713","0.8985507246376813","0.92","47","47","47","0.9447254217490515","0.9306930693069307","0.962121212121212"
"2400","49","49","49","0.9360602360042491","0.9306930693069307","0.9473684210526316","49","49","49","0.9098348053406052","0.8941469489414694","0.9290161892901618","49","49","49","0.9288060190178179","0.9120198265179678","0.9527363184079602","49","49","49","0.9289241491943325","0.9127686472819216","0.94","49","49","49","0.9414537796161264","0.9251533742331289","0.9548872180451128","49","49","49","0.9140242275226822","0.9075000000000001","0.9238451935081149","49","49","49","0.9129026756745201","0.9007263922518159","0.9230769230769231","49","49","49","0.9438641793775986","0.9273182957393483","0.9525"
"2496","51","51","51","0.9359593419345792","0.9282178217821783","0.9405815423514539","51","51","51","0.912658591264135","0.8925000000000001","0.927860696517413","51","51","51","0.9357652271908183","0.9243902439024391","0.9589041095890412","51","51","51","0.9375702102441436","0.9289215686274509","0.9476309226932669","51","51","51","0.9410974992714285","0.9203980099502488","0.9521410579345088","51","51","51","0.9168975306414895","0.912280701754386","0.9201995012468827","51","51","51","0.9135080145491866","0.9042821158690176","0.927860696517413","51","51","51","0.9443457538846847","0.9272503082614056","0.9582806573957017"
"2592","53","53","53","0.9361649069517934","0.9271356783919598","0.9434889434889435","53","53","53","0.9140129639527881","0.900497512437811","0.9297163995067819","53","53","53","0.9341626615694191","0.9275","0.9540372670807453","53","53","53","0.9361646178967316","0.9121019108280255","0.951310861423221","53","53","53","0.9405848445827264","0.928136419001218","0.9573934837092732","53","53","53","0.9179886188634393","0.9111389236545681","0.9276807980049875","53","53","53","0.9166815028496259","0.9095415117719952","0.9318463444857498","53","53","53","0.9427058051535135","0.9228855721393036","0.958801498127341"
"2688","55","55","55","0.9371251181777204","0.9286608260325407","0.945409429280397","55","55","55","0.9155094143085787","0.8944099378881987","0.9359605911330049","55","55","55","0.9307979177802934","0.9219512195121952","0.9407407407407408","55","55","55","0.9395279438636024","0.9219330855018587","0.960609911054638","55","55","55","0.9413619286886389","0.9244114002478315","0.9597989949748744","55","55","55","0.9160001559264248","0.9097744360902256","0.9253731343283583","55","55","55","0.9151122650768592","0.9106699751861043","0.9203539823008849","55","55","55","0.9411545730891204","0.9318181818181818","0.9517766497461929"
"2784","57","57","57","0.9396793864481007","0.9345088161209069","0.946450809464508","57","57","57","0.9157560600508197","0.9041095890410957","0.9331683168316832","57","57","57","0.9342435740864978","0.924223602484472","0.9506172839506173","57","57","57","0.933471728305404","0.915082382762991","0.9476309226932669","57","57","57","0.9371855740906234","0.9221260815822003","0.9526184538653367","57","57","57","0.9235885976301847","0.9170731707317074","0.929113924050633","57","57","57","0.919824811168038","0.9128834355828221","0.9257861635220126","57","57","57","0.9467489068606026","0.9364881693648817","0.9581749049429658"
"2880","59","59","59","0.9373779614161609","0.9222929936305732","0.9451371571072318","59","59","59","0.9161511313900256","0.9016189290161892","0.9404466501240695","59","59","59","0.9359754063349076","0.9276807980049875","0.9467162329615861","59","59","59","0.933148328192799","0.9232643118148599","0.9488139825218478","59","59","59","0.9357112105470453","0.9255189255189255","0.9443757725587145","59","59","59","0.9247549200212006","0.9169764560099132","0.9355246523388117","59","59","59","0.9217673878299759","0.9144981412639406","0.9281210592686003","59","59","59","0.9489641725287935","0.9333333333333333","0.9584905660377357"
"2976","61","61","61","0.9340605187899209","0.9257425742574257","0.945273631840796","61","61","61","0.9158876130291616","0.8936170212765957","0.9366459627329192","61","61","61","0.9325064376480301","0.9266503667481663","0.9515527950310558","61","61","61","0.9415861449060344","0.9321824907521578","0.9498746867167919","61","61","61","0.9364912396324652","0.9207920792079208","0.9525","61","61","61","0.9173099410296915","0.9115479115479116","0.9265255292652553","61","61","61","0.9199560432813183","0.9108669108669109","0.9316770186335404","61","61","61","0.9480313279187303","0.9303482587064676","0.9633375474083439"
"3072","63","63","63","0.9335121315408269","0.9215189873417722","0.9408866995073891","63","63","63","0.9218519273043697","0.9043478260869564","0.9398496240601504","63","63","63","0.9352499949724422","0.9203980099502488","0.9637046307884857","63","63","63","0.9336118009965914","0.9259723964868256","0.9440993788819876","63","63","63","0.9372439624474067","0.9277566539923955","0.951188986232791","63","63","63","0.9176504507151672","0.906832298136646","0.9259723964868257","63","63","63","0.9172463900904363","0.905982905982906","0.9203980099502488","63","63","63","0.9488177538490973","0.9272503082614056","0.965865992414665"
"3168","65","65","65","0.931101049661714","0.9124537607891491","0.9489414694894147","65","65","65","0.9193645921101634","0.907035175879397","0.9391304347826087","65","65","65","0.932963715194218","0.9238329238329237","0.9563046192259675","65","65","65","0.9403350915096436","0.9367088607594937","0.9436795994993743","65","65","65","0.936126469862889","0.9213759213759213","0.9534591194968555","65","65","65","0.9178727376403943","0.9104477611940298","0.9311639549436797","65","65","65","0.9133394657669435","0.8990147783251232","0.9217171717171717","65","65","65","0.9436311394661805","0.9171817058096416","0.9633375474083439"
"3264","67","67","67","0.9371956731507554","0.9296482412060302","0.946583850931677","67","67","67","0.9237827554673128","0.9075","0.9426433915211971","67","67","67","0.9345458345344486","0.917705735660848","0.9589041095890412","67","67","67","0.9430192227704216","0.9345088161209069","0.9515527950310558","67","67","67","0.9400469586568301","0.9257425742574257","0.9550000000000001","67","67","67","0.9246687521979563","0.9102244389027431","0.9377382465057178","67","67","67","0.9197373963057037","0.9153374233128834","0.929113924050633","67","67","67","0.9444383619699194","0.9313358302122348","0.9546599496221662"
"3360","69","69","69","0.9361439723776093","0.9321608040201005","0.9451371571072318","69","69","69","0.9207161732761773","0.9084065244667503","0.9404466501240695","69","69","69","0.9347353370965447","0.9273182957393483","0.9550000000000001","69","69","69","0.9361910816617207","0.925","0.945273631840796","69","69","69","0.9352073662581628","0.912280701754386","0.95","69","69","69","0.923160685399238","0.9155446756425949","0.934010152284264","69","69","69","0.9188715249334198","0.9044117647058824","0.9304677623261693","69","69","69","0.9462265404439065","0.9318463444857497","0.9521410579345088"
"3456","71","71","71","0.933227538470131","0.929192546583851","0.94","71","71","71","0.9210518043950777","0.9079601990049752","0.9394313967861556","71","71","71","0.9329134209073058","0.9185185185185186","0.9577114427860698","71","71","71","0.9377233152819467","0.9261083743842363","0.9514321295143213","71","71","71","0.9415382490138284","0.9257425742574257","0.9583858764186632","71","71","71","0.9242801662107972","0.9082007343941249","0.9401496259351622","71","71","71","0.9197464807989346","0.9019607843137256","0.9328263624841572","71","71","71","0.9469322601754808","0.9394313967861558","0.9584905660377357"
"3552","73","73","73","0.9363917786950232","0.9333333333333333","0.94147582697201","73","73","73","0.9214425635795209","0.9109159347553324","0.9439601494396015","73","73","73","0.9314779473066302","0.9090909090909091","0.9625","73","73","73","0.9359477294088672","0.9263420724094882","0.9486858573216519","73","73","73","0.9433517202721944","0.934487021013597","0.9598997493734336","73","73","73","0.9249283591434192","0.9187192118226601","0.9328263624841572","73","73","73","0.924581909089514","0.9146341463414634","0.9314720812182741","73","73","73","0.9449878602933379","0.9353233830845771","0.96"
"3648","75","75","75","0.9390671772952442","0.9314720812182741","0.9463171036204745","75","75","75","0.9204561207214293","0.9058971141781682","0.9425","75","75","75","0.9348428045781173","0.924812030075188","0.9538077403245941","75","75","75","0.9335613158180097","0.9209876543209876","0.9438775510204082","75","75","75","0.9407698640541564","0.9282178217821783","0.9582806573957017","75","75","75","0.9237052511077749","0.9149198520345252","0.9313358302122346","75","75","75","0.922842519674645","0.9050554870530209","0.9321824907521579","75","75","75","0.9479145774095381","0.9395465994962218","0.9598997493734336"
"3744","77","77","77","0.9397748697760177","0.9341614906832298","0.9460476787954831","77","77","77","0.9236669757460986","0.91","0.945273631840796","77","77","77","0.9295071628852455","0.8966376089663761","0.9490683229813666","77","77","77","0.9388664237496915","0.9261083743842363","0.95","77","77","77","0.93798490125941","0.9267676767676768","0.9558638083228247","77","77","77","0.924646164063849","0.9063670411985019","0.9355246523388117","77","77","77","0.9178484459325468","0.9057527539779682","0.929889298892989","77","77","77","0.9455288496974072","0.9363295880149813","0.9620253164556962"
"3840","79","79","79","0.9358363703648959","0.9308176100628931","0.939877300613497","79","79","79","0.9242983384286845","0.9117647058823528","0.9475","79","79","79","0.9363392351596387","0.9149198520345253","0.9600997506234414","79","79","79","0.9382472099683212","0.9259259259259259","0.9515527950310558","79","79","79","0.9385288913382375","0.9181141439205955","0.9545454545454546","79","79","79","0.9251812250823759","0.9198520345252774","0.9309912170639899","79","79","79","0.9260471226729787","0.9124537607891491","0.9365482233502538","79","79","79","0.9431228734975251","0.9341614906832298","0.9584905660377357"
"3936","81","81","81","0.9395168880951499","0.9321824907521578","0.9461827284105131","81","81","81","0.9230155146723809","0.9134253450439147","0.9368029739776953","81","81","81","0.9308403342709675","0.9009900990099009","0.9564134495641344","81","81","81","0.9341167562219337","0.9236453201970444","0.9501246882793017","81","81","81","0.9405840107058469","0.9291925465838509","0.95","81","81","81","0.9257433699768948","0.9163545568039951","0.9402985074626866","81","81","81","0.9265199855527737","0.9108669108669109","0.9365482233502538","81","81","81","0.9463934931460104","0.9295426452410381","0.9674185463659147"
"4032","83","83","83","0.9425266091952238","0.9346733668341709","0.9525","83","83","83","0.9267215544176753","0.9155446756425949","0.95","83","83","83","0.9360554278038068","0.9251870324189527","0.9612015018773465","83","83","83","0.9387641637433497","0.9287531806615775","0.9489414694894147","83","83","83","0.9376579972340984","0.9290161892901618","0.9523809523809523","83","83","83","0.9289119601565143","0.9211822660098522","0.9416243654822335","83","83","83","0.9235564067121146","0.9070904645476773","0.9365482233502538","83","83","83","0.9464768843872357","0.93734335839599","0.9583858764186632"
"4128","85","85","85","0.9401764848231047","0.9343246592317225","0.949748743718593","85","85","85","0.9263332092006624","0.9177914110429448","0.9475","85","85","85","0.9365226140629437","0.925","0.957286432160804","85","85","85","0.9340609938952353","0.9268292682926829","0.9439601494396015","85","85","85","0.9394318551425378","0.927070457354759","0.9545454545454546","85","85","85","0.9252681416010079","0.9113607990012486","0.9341772151898734","85","85","85","0.9218264752438419","0.9093137254901962","0.9318463444857497","85","85","85","0.9475783940517793","0.9295426452410381","0.9633375474083439"
"4224","87","87","87","0.934910318708089","0.923469387755102","0.9447236180904522","87","87","87","0.9249309027453488","0.9153374233128834","0.9439601494396015","87","87","87","0.9372546379201303","0.927860696517413","0.9563046192259675","87","87","87","0.9291561387731248","0.9118387909319899","0.9451371571072318","87","87","87","0.9376276486414777","0.917705735660848","0.9596977329974811","87","87","87","0.9231993527107664","0.9099876695437732","0.9444444444444445","87","87","87","0.9237921864763565","0.9088669950738916","0.9388264669163546","87","87","87","0.9472088554999374","0.9382093316519546","0.962121212121212"
"4320","89","89","89","0.9360189627217534","0.9306431273644388","0.9461827284105131","89","89","89","0.9255114813465269","0.914572864321608","0.9438202247191011","89","89","89","0.9382559466393452","0.9289215686274509","0.958594730238394","89","89","89","0.9382714405612615","0.9286608260325407","0.9486858573216519","89","89","89","0.9384170102001622","0.9262899262899262","0.953341740226986","89","89","89","0.9287842260135136","0.9209876543209876","0.9390862944162437","89","89","89","0.9245916766022834","0.9077490774907748","0.9344870210135972","89","89","89","0.9429087010910397","0.9341772151898734","0.9518987341772152"
"4416","91","91","91","0.9336940788896962","0.9250317662007623","0.9446494464944649","91","91","91","0.9278194432004424","0.9202453987730063","0.946450809464508","91","91","91","0.9341181694657068","0.9225","0.9539227895392278","91","91","91","0.9373048598506359","0.9281210592686002","0.9503722084367245","91","91","91","0.9361592940833697","0.9167701863354037","0.9561952440550688","91","91","91","0.9217548680114216","0.9111389236545681","0.9353233830845771","91","91","91","0.9253752429222516","0.9111111111111111","0.937810945273632","91","91","91","0.9451643717810111","0.9225092250922511","0.9646464646464646"
"4512","93","93","93","0.9371984134729804","0.9297163995067818","0.9488139825218478","93","93","93","0.9260133947290413","0.9209535759096613","0.9416149068322981","93","93","93","0.9331339431301371","0.9242053789731051","0.9552238805970149","93","93","93","0.9404478630030255","0.9320148331273177","0.9540372670807453","93","93","93","0.9370741022862873","0.9257425742574257","0.949748743718593","93","93","93","0.928445933719321","0.9167701863354037","0.94","93","93","93","0.9233905790355103","0.9095354523227382","0.937810945273632","93","93","93","0.9480768748091883","0.9405815423514539","0.9620253164556962"
"4608","95","95","95","0.9377070622553463","0.9259723964868257","0.9469790382244143","95","95","95","0.9250126283905994","0.9153374233128834","0.945409429280397","95","95","95","0.9372981896679106","0.9236545682102627","0.9611041405269761","95","95","95","0.9352449703388152","0.9234629861982434","0.9486858573216519","95","95","95","0.9397789849549143","0.9251870324189527","0.9598997493734336","95","95","95","0.927175320950985","0.9106699751861043","0.9498746867167919","95","95","95","0.9225625043213828","0.9063670411985019","0.9316770186335404","95","95","95","0.9457175417745383","0.9331651954602774","0.9672544080604534"
"4704","97","97","97","0.9399349695911698","0.929471032745592","0.949748743718593","97","97","97","0.931722930963406","0.9168765743073048","0.946450809464508","97","97","97","0.9344297702259846","0.9203980099502488","0.9598997493734336","97","97","97","0.9384945778020158","0.9211514392991239","0.9600997506234414","97","97","97","0.9389892309054109","0.9276073619631902","0.9609079445145018","97","97","97","0.9228552716536861","0.9104294478527607","0.9325","97","97","97","0.9235405816944591","0.9070904645476773","0.9388264669163546","97","97","97","0.950270739893013","0.9442379182156135","0.964735516372796"
"4800","99","99","99","0.9381599910262434","0.9345088161209069","0.9447236180904522","99","99","99","0.9262843608082786","0.914572864321608","0.945273631840796","99","99","99","0.9371525256567393","0.9192546583850932","0.9635220125786164","99","99","99","0.9378143232109404","0.924812030075188","0.9451371571072318","99","99","99","0.9389212831480214","0.924223602484472","0.9611041405269761","99","99","99","0.9234185505355459","0.9079754601226994","0.9376558603491272","99","99","99","0.9265536481040912","0.9135200974421438","0.9353233830845771","99","99","99","0.9477678553011186","0.9416149068322981","0.9571788413098236"
"4896","101","101","101","0.9366671276210583","0.9296482412060302","0.9473684210526316","101","101","101","0.9304429959938048","0.9213759213759214","0.9426433915211971","101","101","101","0.9388534613216459","0.9236545682102627","0.958801498127341","101","101","101","0.9369112216791434","0.924812030075188","0.9463171036204745","101","101","101","0.939731564667088","0.924812030075188","0.9611041405269761","101","101","101","0.9239125755037655","0.9125","0.9385194479297366","101","101","101","0.9251934153540174","0.9072681704260652","0.9377382465057178","101","101","101","0.9498872294795507","0.9416149068322981","0.9646464646464646"
"4992","103","103","103","0.940259791132827","0.9331683168316831","0.9498746867167919","103","103","103","0.9252777107258063","0.9166666666666666","0.9356435643564357","103","103","103","0.9411016084606002","0.9289215686274509","0.9649122807017544","103","103","103","0.9380270801334977","0.9308176100628931","0.9416149068322982","103","103","103","0.937416600234449","0.9266503667481663","0.9514321295143213","103","103","103","0.9311387949555628","0.9191176470588235","0.9401496259351622","103","103","103","0.9284941098410323","0.9146341463414634","0.9366459627329192","103","103","103","0.9514315798566269","0.9448621553884713","0.9683944374209861"
"5088","105","105","105","0.9401460725538385","0.9334975369458127","0.9451371571072318","105","105","105","0.9309923461118628","0.9223057644110276","0.9502487562189056","105","105","105","0.9340992304953675","0.9215442092154421","0.9612983770287142","105","105","105","0.9350292864403119","0.9255989911727616","0.9536921151439299","105","105","105","0.9406198221797256","0.9255583126550867","0.9597989949748744","105","105","105","0.9271300392723573","0.916256157635468","0.9451371571072318","105","105","105","0.9285845876630846","0.9164619164619164","0.9416149068322981","105","105","105","0.9496967767653943","0.9379652605459058","0.9698492462311558"
"5184","107","107","107","0.9420364246597434","0.9282178217821783","0.9486858573216519","107","107","107","0.9291384443192919","0.9166666666666666","0.946583850931677","107","107","107","0.9390730859785498","0.9230769230769231","0.9674185463659147","107","107","107","0.9385594870805717","0.9334975369458127","0.9523809523809523","107","107","107","0.9374219563778056","0.9213759213759215","0.9561952440550688","107","107","107","0.930203164753666","0.9144254278728606","0.9402985074626866","107","107","107","0.926181299587021","0.904109589041096","0.9390862944162437","107","107","107","0.9484934056590474","0.9371146732429101","0.9699248120300752"
"5280","109","109","109","0.9383268962496493","0.9324840764331209","0.9436795994993743","109","109","109","0.9283732152975228","0.9153374233128836","0.9440993788819877","109","109","109","0.9392499990168167","0.9217391304347826","0.9636135508155583","109","109","109","0.9407075300734633","0.9353233830845771","0.9473684210526316","109","109","109","0.9446284939366046","0.9367088607594937","0.9573934837092732","109","109","109","0.9285728051080795","0.9129353233830846","0.9426433915211971","109","109","109","0.9285567630338433","0.9102244389027431","0.9392812887236679","109","109","109","0.9503300559840513","0.9447236180904522","0.9612015018773465"
"5376","111","111","111","0.9412999090769393","0.9358024691358026","0.9488139825218478","111","111","111","0.9312377939130455","0.9213483146067415","0.946583850931677","111","111","111","0.9394771608245666","0.9266503667481663","0.9612983770287142","111","111","111","0.9377430629922732","0.9331683168316831","0.9426433915211971","111","111","111","0.9412706895321212","0.934487021013597","0.9552238805970149","111","111","111","0.9261650582572685","0.9066002490660026","0.9536921151439299","111","111","111","0.9270549104341728","0.9102244389027431","0.9440993788819877","111","111","111","0.9520765225147241","0.9435897435897437","0.9723618090452262"
"5472","113","113","113","0.9380136061186237","0.9293680297397771","0.951188986232791","113","113","113","0.9296454609770981","0.9164619164619164","0.9477611940298507","113","113","113","0.9336216934330709","0.9066002490660026","0.964824120603015","113","113","113","0.9361626073574232","0.924812030075188","0.95","113","113","113","0.9411116317307281","0.9295426452410384","0.958594730238394","113","113","113","0.9281637308771915","0.912718204488778","0.951310861423221","113","113","113","0.926049559071304","0.9021065675340767","0.9440993788819877","113","113","113","0.9520773925747028","0.9454094292803972","0.964735516372796"
"5568","115","115","115","0.9383211122521999","0.9234567901234567","0.9475","115","115","115","0.9315139381069051","0.9200492004920048","0.9538077403245941","115","115","115","0.9383102674664572","0.9240348692403487","0.9610062893081761","115","115","115","0.9376455243604885","0.9296482412060302","0.9461827284105131","115","115","115","0.9424345162948752","0.9295426452410384","0.9573934837092732","115","115","115","0.9307255301299013","0.918648310387985","0.951188986232791","115","115","115","0.9288549465657505","0.9090909090909091","0.9440993788819877","115","115","115","0.9472549710951366","0.9363295880149815","0.9672544080604534"
"5664","117","117","117","0.9415171819313539","0.9333333333333333","0.9525","117","117","117","0.9269671056978087","0.9164619164619164","0.946583850931677","117","117","117","0.9379731313073376","0.9275","0.9563046192259675","117","117","117","0.937661066389888","0.9104477611940298","0.9476309226932669","117","117","117","0.9390465191740116","0.917705735660848","0.9501246882793017","117","117","117","0.928202506283626","0.9066339066339066","0.9584905660377357","117","117","117","0.9272867946847523","0.9115479115479117","0.946450809464508","117","117","117","0.9470926926453078","0.9389312977099236","0.9610062893081761"
"5760","119","119","119","0.9368283208309162","0.9305210918114145","0.9442379182156135","119","119","119","0.9328489529556215","0.9195979899497488","0.9514321295143213","119","119","119","0.9330548579466097","0.9125","0.958594730238394","119","119","119","0.9407905041194752","0.9284818067754077","0.9515527950310558","119","119","119","0.941919263391138","0.927860696517413","0.9561952440550688","119","119","119","0.9272182659202706","0.9099876695437731","0.9426433915211971","119","119","119","0.92679014259882","0.9104477611940298","0.945273631840796","119","119","119","0.9494865259295278","0.9432098765432099","0.9671717171717171"
"5856","121","121","121","0.9370899038315775","0.9293680297397771","0.949238578680203","121","121","121","0.9343946157497831","0.9211514392991239","0.9451371571072318","121","121","121","0.9354971778467551","0.9144981412639406","0.9573934837092732","121","121","121","0.9378448710588174","0.9267080745341615","0.9501246882793017","121","121","121","0.943941870250072","0.9339975093399752","0.955","121","121","121","0.9314544899504945","0.916256157635468","0.9408805031446541","121","121","121","0.9292712210196499","0.916256157635468","0.9425","121","121","121","0.9487034231934469","0.9345088161209069","0.958594730238394"
"5952","123","123","123","0.9415040048011646","0.9320148331273177","0.9481481481481482","123","123","123","0.9321522823331527","0.9207547169811321","0.9514321295143213","123","123","123","0.935838852321184","0.9197994987468672","0.957286432160804","123","123","123","0.9361005149603147","0.9284818067754077","0.9417721518987343","123","123","123","0.9406582898869512","0.9286608260325407","0.9560853199498118","123","123","123","0.9293181798368243","0.9166666666666667","0.9410288582183186","123","123","123","0.9285977682280679","0.9118012422360248","0.9475","123","123","123","0.9522885360525869","0.9445843828715367","0.9593908629441623"
"6048","125","125","125","0.9422603118312944","0.9321824907521579","0.9475","125","125","125","0.9342228074036745","0.9249692496924969","0.9502487562189056","125","125","125","0.935539060468401","0.9205955334987593","0.951310861423221","125","125","125","0.9410566229705424","0.9288389513108615","0.9523809523809523","125","125","125","0.9433812142662626","0.9359605911330049","0.9548872180451128","125","125","125","0.9304316078270345","0.9119804400977994","0.9510664993726474","125","125","125","0.9298340760400243","0.9138576779026217","0.9463171036204745","125","125","125","0.9538748700979793","0.9408805031446541","0.9646464646464646"
"6144","127","127","127","0.9380399876128613","0.9338327091136079","0.9404466501240694","127","127","127","0.9307409002248654","0.916145181476846","0.9438202247191011","127","127","127","0.9330110993672374","0.9054726368159204","0.9522613065326633","127","127","127","0.9413381484972764","0.9207547169811321","0.96","127","127","127","0.9386261375630983","0.9296482412060302","0.9548872180451128","127","127","127","0.9259040021379613","0.9088639200998753","0.9445843828715367","127","127","127","0.9273952099289433","0.916256157635468","0.9385194479297366","127","127","127","0.9535514337528316","0.9457755359394704","0.9634300126103404"
"6240","129","129","129","0.9377691520016347","0.9245982694684796","0.9506172839506173","129","129","129","0.9364817841560511","0.9251870324189526","0.9526184538653367","129","129","129","0.9360884767456028","0.915211970074813","0.9559748427672956","129","129","129","0.9391469172966211","0.9293680297397771","0.9486858573216519","129","129","129","0.939296994112126","0.9234629861982434","0.9536921151439299","129","129","129","0.9281034821779166","0.9066002490660026","0.9484276729559749","129","129","129","0.9284942275085667","0.9140722291407224","0.9425","129","129","129","0.9520176065581815","0.9417721518987343","0.9609079445145018"
"6336","131","131","131","0.9417661977297497","0.9336670838548186","0.95","131","131","131","0.9335525598373786","0.9259723964868256","0.9489414694894147","131","131","131","0.9328361278634384","0.9136420525657072","0.9546599496221662","131","131","131","0.9372575743311256","0.9219143576826196","0.9476309226932669","131","131","131","0.9409739647400237","0.9314720812182741","0.951188986232791","131","131","131","0.9267325909137748","0.9056603773584906","0.9496221662468514","131","131","131","0.9271567350353861","0.9097744360902256","0.9401496259351622","131","131","131","0.9509812371604541","0.9420654911838791","0.9567430025445292"
"6432","133","133","133","0.9434390232458221","0.9320148331273177","0.9557739557739556","133","133","133","0.9300835314380536","0.9246231155778895","0.9451371571072318","133","133","133","0.9368270718008948","0.9203980099502488","0.9634300126103404","133","133","133","0.9342403645769805","0.9134253450439146","0.9469790382244143","133","133","133","0.9392568150675402","0.9320148331273178","0.950943396226415","133","133","133","0.9245606332652248","0.9138576779026217","0.9473684210526316","133","133","133","0.9271591300176588","0.9125","0.9401496259351622","133","133","133","0.9509145105908257","0.9433962264150944","0.9633375474083439"
"6528","135","135","135","0.9442515311981111","0.9407407407407408","0.9464285714285714","135","135","135","0.9362658788070508","0.9271356783919599","0.951310861423221","135","135","135","0.9364254284746061","0.9201995012468827","0.9611041405269761","135","135","135","0.9391129707856433","0.9308176100628931","0.9525","135","135","135","0.9392385666531131","0.9265255292652553","0.9525","135","135","135","0.9249601133331767","0.9020100502512562","0.9448621553884713","135","135","135","0.928991137382644","0.9113607990012486","0.9414694894146949","135","135","135","0.9491858346819633","0.9331651954602774","0.964735516372796"
"6624","137","137","137","0.9455959983552924","0.9369592088998765","0.9555555555555556","137","137","137","0.9367111366088332","0.93","0.951310861423221","137","137","137","0.9369402151025584","0.9255189255189255","0.9623115577889447","137","137","137","0.9398422656664887","0.924223602484472","0.951188986232791","137","137","137","0.9388925261784047","0.9323493234932348","0.957286432160804","137","137","137","0.9262327664968073","0.9090909090909091","0.950943396226415","137","137","137","0.9272031588771139","0.9125","0.9389788293897883","137","137","137","0.9503019089874023","0.9411764705882354","0.9634300126103404"
"6720","139","139","139","0.9450627270534774","0.9368029739776952","0.952970297029703","139","139","139","0.9353732789041823","0.9273182957393483","0.946583850931677","139","139","139","0.9378795288346788","0.925","0.9563046192259675","139","139","139","0.9389347414737816","0.9309912170639899","0.9476309226932669","139","139","139","0.9401302751735212","0.9348370927318297","0.9514321295143213","139","139","139","0.9286542639278773","0.905","0.9547738693467337","139","139","139","0.9280309306466066","0.9136420525657072","0.9414694894146949","139","139","139","0.9514621036849947","0.9383647798742139","0.9646464646464646"
"6816","141","141","141","0.9433398638592326","0.9344870210135972","0.9548872180451128","141","141","141","0.9391827525015941","0.9323308270676692","0.9489414694894147","141","141","141","0.9394535103772","0.9263420724094882","0.9597989949748744","141","141","141","0.9409859327839729","0.9283018867924528","0.9538077403245941","141","141","141","0.9391474733969328","0.9257425742574257","0.9463171036204745","141","141","141","0.9298349396244052","0.9128834355828221","0.9472361809045227","141","141","141","0.9304086931338194","0.917705735660848","0.9414694894146949","141","141","141","0.9522829228285691","0.9333333333333332","0.9646464646464646"
"6912","143","143","143","0.9404792339712122","0.935687263556116","0.9461827284105131","143","143","143","0.9360139558940492","0.9246231155778896","0.951310861423221","143","143","143","0.9362806839376642","0.9238451935081149","0.9597989949748744","143","143","143","0.9409286060991494","0.9261576971214018","0.9477707006369427","143","143","143","0.9394557464861052","0.9305210918114144","0.9475","143","143","143","0.9252417831471101","0.9102244389027431","0.9473684210526316","143","143","143","0.926928221929496","0.9102244389027431","0.9376558603491272","143","143","143","0.9552811069656088","0.9450000000000001","0.9646464646464646"
"7008","145","145","145","0.9406803651542626","0.9358490566037736","0.9519112207151664","145","145","145","0.93508004745225","0.9219143576826196","0.951310861423221","145","145","145","0.9364789081981926","0.9188514357053683","0.9586983729662076","145","145","145","0.9407633055348594","0.9261576971214018","0.9469790382244143","145","145","145","0.9414572862488779","0.9349693251533743","0.9486858573216519","145","145","145","0.9265070308807527","0.9016189290161893","0.9472361809045227","145","145","145","0.9290375502503659","0.9113607990012486","0.9414694894146949","145","145","145","0.9523302605396908","0.945273631840796","0.9584905660377357"
"7104","147","147","147","0.9404324337377332","0.9321608040201005","0.9486858573216519","147","147","147","0.9358029409598337","0.9306431273644388","0.9488139825218478","147","147","147","0.937836451160754","0.9273182957393483","0.9573934837092732","147","147","147","0.9406779954712196","0.9333333333333332","0.9461827284105131","147","147","147","0.9429120048333969","0.9385749385749386","0.9546599496221662","147","147","147","0.9272436682085742","0.912280701754386","0.9448621553884713","147","147","147","0.9289545018298977","0.9136420525657072","0.9389788293897883","147","147","147","0.9525306105792621","0.9445843828715367","0.9596977329974811"
"7200","149","149","149","0.9444097247245645","0.9387755102040817","0.9536921151439299","149","149","149","0.9389935853648304","0.9284818067754077","0.9488139825218478","149","149","149","0.9374024801703872","0.9269521410579346","0.9573934837092732","149","149","149","0.9404775792066186","0.9321608040201005","0.9455445544554455","149","149","149","0.9422051820651234","0.9315068493150684","0.9488139825218478","149","149","149","0.927720155564904","0.9029850746268657","0.9473684210526316","149","149","149","0.9277554796017355","0.9136420525657072","0.9402985074626866","149","149","149","0.9502025552702532","0.9329962073324906","0.962121212121212"
"7296","151","151","151","0.9421959645435896","0.937420178799489","0.9494451294697903","151","151","151","0.9357943878587435","0.9234629861982434","0.9477611940298507","151","151","151","0.938030242773198","0.9286608260325407","0.9586983729662076","151","151","151","0.9394750885931991","0.9223057644110277","0.9465648854961832","151","151","151","0.9407326009341823","0.9325","0.9488139825218478","151","151","151","0.9264573496015253","0.9063670411985019","0.9461827284105131","151","151","151","0.9286050332622275","0.9129353233830846","0.9402985074626866","151","151","151","0.9495047044031573","0.9296482412060302","0.962121212121212"
"7392","153","153","153","0.942135727655716","0.9346733668341709","0.9484276729559749","153","153","153","0.9384943994656822","0.9321608040201005","0.9536921151439299","153","153","153","0.9367095655062965","0.9175","0.958594730238394","153","153","153","0.9356215324848062","0.9217171717171717","0.9416243654822335","153","153","153","0.9426478113418562","0.9359605911330049","0.951310861423221","153","153","153","0.926006595167552","0.9025","0.949748743718593","153","153","153","0.9266685993689479","0.9149999999999999","0.9401496259351622","153","153","153","0.9524427990133535","0.9398496240601504","0.962121212121212"
"7488","155","155","155","0.942431395261862","0.9306930693069307","0.9532019704433499","155","155","155","0.9358401207440903","0.9296482412060302","0.946583850931677","155","155","155","0.9379178954242976","0.9253731343283583","0.9612015018773465","155","155","155","0.938988118230206","0.9284818067754077","0.949238578680203","155","155","155","0.9400546571514209","0.9343246592317225","0.951310861423221","155","155","155","0.928287442264842","0.9102244389027431","0.9510664993726474","155","155","155","0.9277966109961924","0.9140722291407224","0.9413233458177278","155","155","155","0.9480621999636366","0.9367088607594937","0.9646464646464646"
"7584","157","157","157","0.9410196822575403","0.9308176100628931","0.95","157","157","157","0.9360830499752014","0.9308641975308642","0.9442379182156134","157","157","157","0.9394569737483554","0.9251533742331289","0.9623115577889447","157","157","157","0.9438721794230291","0.9325","0.958801498127341","157","157","157","0.9397027483793542","0.9304677623261693","0.9523809523809523","157","157","157","0.92639701633488","0.9079754601226994","0.9473684210526316","157","157","157","0.9284352738524392","0.9154228855721394","0.9365482233502538","157","157","157","0.9508078221385095","0.9383647798742139","0.9671717171717171"
"7680","159","159","159","0.940829630230373","0.9320148331273177","0.9488139825218478","159","159","159","0.9374172387579094","0.932349323493235","0.9477611940298507","159","159","159","0.9355884796716503","0.9219330855018587","0.9612015018773465","159","159","159","0.9362650887778579","0.9311639549436797","0.9413233458177278","159","159","159","0.9390473983006414","0.9259259259259259","0.9547738693467337","159","159","159","0.9276235271042312","0.9068627450980392","0.9453621346886911","159","159","159","0.9261637137928938","0.9140722291407224","0.9341614906832298","159","159","159","0.9501000167092807","0.9414694894146949","0.9671717171717171"
"7776","161","161","161","0.9435922021650874","0.9344870210135972","0.95","161","161","161","0.9361994352900647","0.9298245614035087","0.945409429280397","161","161","161","0.9359452763000619","0.9172932330827068","0.9576059850374065","161","161","161","0.9382448395649507","0.9283018867924528","0.9455445544554455","161","161","161","0.939473056303641","0.9234567901234568","0.9522613065326633","161","161","161","0.9281272307164878","0.9068627450980392","0.9453621346886911","161","161","161","0.9269033934574334","0.9090909090909091","0.9391304347826087","161","161","161","0.951506821668799","0.9435382685069008","0.9671717171717171"
"7872","163","163","163","0.9417317673372299","0.9331683168316831","0.9523809523809523","163","163","163","0.9356429357961851","0.9271356783919599","0.9477611940298507","163","163","163","0.9333791264945767","0.9175","0.9575","163","163","163","0.9431043919394426","0.9370277078085643","0.9490683229813665","163","163","163","0.9402502442180349","0.928395061728395","0.9475","163","163","163","0.9267285850463681","0.9097744360902256","0.9498746867167919","163","163","163","0.9297068365882961","0.9149999999999999","0.937810945273632","163","163","163","0.95076136521763","0.9413265306122449","0.962121212121212"
"7968","165","165","165","0.9414447488138558","0.9295426452410381","0.9519112207151664","165","165","165","0.9365573133931239","0.9295426452410381","0.9477611940298507","165","165","165","0.9367494763929975","0.9223057644110277","0.958801498127341","165","165","165","0.937122700783158","0.9269521410579346","0.9478908188585606","165","165","165","0.94061181740498","0.9351620947630923","0.9485570890840652","165","165","165","0.9289163637480387","0.9125","0.9522613065326633","165","165","165","0.9300611885056241","0.9138576779026217","0.937810945273632","165","165","165","0.9523482915313997","0.9404466501240694","0.965952080706179"
"8064","167","167","167","0.9427657699170062","0.9333333333333333","0.952029520295203","167","167","167","0.9371235062453003","0.9296482412060302","0.9514321295143213","167","167","167","0.9379475156975549","0.9234629861982434","0.96","167","167","167","0.9413629824938704","0.9284818067754077","0.9523809523809523","167","167","167","0.9414534585738952","0.9353233830845771","0.9510664993726474","167","167","167","0.9259370068457893","0.9068627450980392","0.9522613065326633","167","167","167","0.9285843786300989","0.917705735660848","0.9366459627329192","167","167","167","0.951526510440452","0.9439601494396015","0.962121212121212"
"8160","169","169","169","0.9418282364473102","0.9382093316519546","0.9459119496855346","169","169","169","0.9360169737969171","0.9319899244332494","0.9477611940298507","169","169","169","0.9401220077568453","0.9221105527638191","0.958801498127341","169","169","169","0.9376630984577616","0.9219143576826196","0.9501246882793017","169","169","169","0.9427367969327889","0.934010152284264","0.9510664993726474","169","169","169","0.9254543714989619","0.9084065244667503","0.9425","169","169","169","0.929505143066694","0.9149999999999999","0.9391304347826087","169","169","169","0.9512539511475702","0.9407313997477933","0.962121212121212"
"8256","171","171","171","0.9405913416825648","0.9297163995067818","0.952029520295203","171","171","171","0.936088017312818","0.9309912170639899","0.9501246882793017","171","171","171","0.9387714472137499","0.9261576971214018","0.9561952440550688","171","171","171","0.9416020723323355","0.9321608040201005","0.9486858573216519","171","171","171","0.9413666091142826","0.9353233830845771","0.9523809523809523","171","171","171","0.9297738736659313","0.912718204488778","0.9522613065326633","171","171","171","0.9302860250603782","0.912718204488778","0.9402795425667091","171","171","171","0.9519844337607077","0.9417721518987343","0.962121212121212"
"8352","173","173","173","0.9390289372996076","0.9297163995067818","0.9473684210526316","173","173","173","0.9377203179147078","0.9306431273644388","0.9526184538653367","173","173","173","0.9370092639225408","0.9188514357053683","0.9539227895392278","173","173","173","0.9392610992450173","0.9276807980049875","0.9478908188585606","173","173","173","0.9431227184522617","0.9330024813895781","0.9523809523809523","173","173","173","0.928275120391004","0.9088639200998753","0.9522613065326633","173","173","173","0.9275273607207085","0.912718204488778","0.9389788293897883","173","173","173","0.9527734003504607","0.9393939393939393","0.965952080706179"
"8448","175","175","175","0.9415034314321448","0.9333333333333333","0.9486858573216519","175","175","175","0.9387861772681813","0.9321608040201005","0.9489414694894147","175","175","175","0.9383082149051113","0.9236545682102627","0.9538077403245941","175","175","175","0.9416976791698465","0.9261576971214018","0.9504447268106736","175","175","175","0.9410003610904077","0.9343246592317224","0.9534591194968555","175","175","175","0.9292339217664436","0.9113607990012486","0.9522613065326633","175","175","175","0.9292783755422793","0.915211970074813","0.937579617834395","175","175","175","0.9529597770798158","0.9405815423514539","0.965952080706179"
"8544","177","177","177","0.9415141186271452","0.9333333333333333","0.9496932515337423","177","177","177","0.9366566530100882","0.9308641975308642","0.9489414694894147","177","177","177","0.9388553684338927","0.9275","0.9612015018773465","177","177","177","0.9437136395906125","0.9311639549436797","0.9526184538653367","177","177","177","0.938779190882074","0.9303482587064676","0.9522613065326633","177","177","177","0.929754262637992","0.912718204488778","0.9534591194968555","177","177","177","0.9303254786859434","0.9201995012468827","0.9389312977099236","177","177","177","0.9542308606617802","0.9457755359394704","0.9634300126103404"
"8640","179","179","179","0.9438385566694156","0.9354838709677419","0.952029520295203","179","179","179","0.9373601465444915","0.9309912170639899","0.9525","179","179","179","0.9365967345304776","0.917705735660848","0.9573934837092732","179","179","179","0.9446412294685775","0.9335006273525721","0.9536921151439299","179","179","179","0.9401010853250525","0.9354838709677419","0.9510664993726474","179","179","179","0.930726302025497","0.9104294478527607","0.9534591194968555","179","179","179","0.9286013000199242","0.9140722291407224","0.937810945273632","179","179","179","0.9525142271263274","0.9457755359394704","0.9634300126103404"
"8736","181","181","181","0.9405089659018537","0.9309912170639899","0.952029520295203","181","181","181","0.9367800747925437","0.9318181818181819","0.9476309226932669","181","181","181","0.9365409468091034","0.918648310387985","0.958594730238394","181","181","181","0.9438814141716669","0.9309912170639899","0.95","181","181","181","0.9409962000793728","0.9308641975308642","0.9510664993726474","181","181","181","0.9282171417568723","0.91","0.9534591194968555","181","181","181","0.930212321437633","0.9163545568039951","0.9387755102040817","181","181","181","0.9529859368283148","0.9457755359394704","0.9634300126103404"
"8832","183","183","183","0.9415030785345184","0.9297163995067818","0.9556650246305419","183","183","183","0.9384909803132129","0.9318181818181819","0.9489414694894147","183","183","183","0.9358062210349454","0.917705735660848","0.9548872180451128","183","183","183","0.9401946228414968","0.9309912170639899","0.9454094292803972","183","183","183","0.940496806637713","0.9306930693069306","0.9547738693467337","183","183","183","0.9306688754264887","0.914004914004914","0.9534591194968555","183","183","183","0.9296976064769357","0.9149999999999999","0.9411764705882353","183","183","183","0.9535130319533518","0.947103274559194","0.9634300126103404"
"8928","185","185","185","0.9434949451709965","0.9308641975308642","0.952029520295203","185","185","185","0.9388256248569201","0.9309912170639899","0.9489414694894147","185","185","185","0.9373472465422085","0.9213483146067416","0.9575","185","185","185","0.9448526795010862","0.9358490566037736","0.9486858573216519","185","185","185","0.9427131421973032","0.9364881693648817","0.9535759096612295","185","185","185","0.9294267680372357","0.9128834355828221","0.9534591194968555","185","185","185","0.9294330512951857","0.9149999999999999","0.9411764705882353","185","185","185","0.9535130319533518","0.947103274559194","0.9634300126103404"
"9024","187","187","187","0.9424761759039344","0.9295426452410381","0.9544895448954489","187","187","187","0.9390276099460664","0.9331651954602775","0.9477611940298507","187","187","187","0.9352782246167193","0.924812030075188","0.9536921151439299","187","187","187","0.9458315905449878","0.9395465994962218","0.9479034307496824","187","187","187","0.9404032912102803","0.927070457354759","0.9534591194968555","187","187","187","0.9312076207173448","0.914004914004914","0.9522613065326633","187","187","187","0.9290389565108974","0.9115815691158158","0.9399744572158366","187","187","187","0.9523062231039827","0.9459119496855346","0.9634300126103404"
"9120","189","189","189","0.9424361883521215","0.9331683168316831","0.952029520295203","189","189","189","0.9390270025344296","0.9331651954602775","0.9477611940298507","189","189","189","0.9365277220751466","0.9211514392991239","0.9575","189","189","189","0.9451254603356564","0.9360100376411543","0.9486858573216519","189","189","189","0.9412205462453264","0.9339975093399752","0.957286432160804","189","189","189","0.9292230464112166","0.9125","0.9522613065326633","189","189","189","0.9297407153724053","0.9115815691158158","0.9411764705882353","189","189","189","0.9525417552498157","0.9459119496855346","0.9634300126103404"
"9216","191","191","191","0.9422481593997951","0.928395061728395","0.952029520295203","191","191","191","0.9385199701055564","0.9319899244332494","0.9489414694894147","191","191","191","0.9383057412909587","0.925","0.9612015018773465","191","191","191","0.9424398686244839","0.9286608260325407","0.9475","191","191","191","0.9395099688245103","0.9232673267326732","0.9547738693467337","191","191","191","0.9302589258558317","0.914004914004914","0.9534591194968555","191","191","191","0.9297074830251963","0.915211970074813","0.9411764705882353","191","191","191","0.9520113114048195","0.9459119496855346","0.9634300126103404"
"9312","193","193","193","0.942716380136439","0.9344870210135972","0.9498746867167919","193","193","193","0.9383095072196568","0.9319899244332494","0.9489414694894147","193","193","193","0.935904730860093","0.9175","0.9586983729662076","193","193","193","0.9433485061015062","0.9345088161209069","0.9486858573216519","193","193","193","0.9379580055819405","0.9244114002478315","0.9510664993726474","193","193","193","0.9284977985791949","0.91","0.9534591194968555","193","193","193","0.9299682581335749","0.9138576779026217","0.9425287356321839","193","193","193","0.9515334492931948","0.9452229299363057","0.9634300126103404"
"9408","195","195","195","0.9439585561768846","0.9344870210135972","0.9544895448954489","195","195","195","0.9383669765740723","0.9321608040201005","0.9489414694894147","195","195","195","0.9383409544529682","0.925","0.9612015018773465","195","195","195","0.9433485061015062","0.9345088161209069","0.9486858573216519","195","195","195","0.9391799438946571","0.9305210918114144","0.9510664993726474","195","195","195","0.9302634911292026","0.9128834355828221","0.9534591194968555","195","195","195","0.9294749395168942","0.9138576779026217","0.9411764705882353","195","195","195","0.9520084480810983","0.9452229299363057","0.9634300126103404"
"9504","197","197","197","0.9432380335905902","0.9344870210135972","0.9495694956949569","197","197","197","0.9376051195335556","0.9308176100628932","0.9489414694894147","197","197","197","0.9385525781017418","0.925","0.9598997493734336","197","197","197","0.9428792131535898","0.9333333333333332","0.9486858573216519","197","197","197","0.9414577243825114","0.9318463444857498","0.9510664993726474","197","197","197","0.9299927373086705","0.914004914004914","0.9534591194968555","197","197","197","0.9297402630832007","0.912718204488778","0.9411764705882353","197","197","197","0.9520075058096203","0.9452229299363057","0.9634300126103404"
"9600","200","199","201","0.9442220434306886","0.9344870210135972","0.9544895448954489","200","199","201","0.938327411768763","0.9308176100628932","0.9489414694894147","200","199","201","0.9385766439400103","0.925","0.9612015018773465","200","199","201","0.9428792131535898","0.9333333333333332","0.9486858573216519","200","199","201","0.9402184830471556","0.9318463444857498","0.9510664993726474","200","199","201","0.9299927373086705","0.914004914004914","0.9534591194968555","200","199","201","0.9297402630832009","0.912718204488778","0.9411764705882353","200","199","201","0.9520075058096202","0.9452229299363057","0.9634300126103404"