"train/global_step","Group: seq_bn-rf64 - _step","Group: seq_bn-rf64 - _step__MIN","Group: seq_bn-rf64 - _step__MAX","Group: seq_bn-rf64 - eval/overall_f1","Group: seq_bn-rf64 - eval/overall_f1__MIN","Group: seq_bn-rf64 - eval/overall_f1__MAX","Group: seq_bn-rf16 - _step","Group: seq_bn-rf16 - _step__MIN","Group: seq_bn-rf16 - _step__MAX","Group: seq_bn-rf16 - eval/overall_f1","Group: seq_bn-rf16 - eval/overall_f1__MIN","Group: seq_bn-rf16 - eval/overall_f1__MAX","Group: pt-pl50 - _step","Group: pt-pl50 - _step__MIN","Group: pt-pl50 - _step__MAX","Group: pt-pl50 - eval/overall_f1","Group: pt-pl50 - eval/overall_f1__MIN","Group: pt-pl50 - eval/overall_f1__MAX","Group: pt-pl5 - _step","Group: pt-pl5 - _step__MIN","Group: pt-pl5 - _step__MAX","Group: pt-pl5 - eval/overall_f1","Group: pt-pl5 - eval/overall_f1__MIN","Group: pt-pl5 - eval/overall_f1__MAX","Group: seq_bn - _step","Group: seq_bn - _step__MIN","Group: seq_bn - _step__MAX","Group: seq_bn - eval/overall_f1","Group: seq_bn - eval/overall_f1__MIN","Group: seq_bn - eval/overall_f1__MAX","Group: unipelt - _step","Group: unipelt - _step__MIN","Group: unipelt - _step__MAX","Group: unipelt - eval/overall_f1","Group: unipelt - eval/overall_f1__MIN","Group: unipelt - eval/overall_f1__MAX","Group: lora-r16 - _step","Group: lora-r16 - _step__MIN","Group: lora-r16 - _step__MAX","Group: lora-r16 - eval/overall_f1","Group: lora-r16 - eval/overall_f1__MIN","Group: lora-r16 - eval/overall_f1__MAX","Group: lora-r8 - _step","Group: lora-r8 - _step__MIN","Group: lora-r8 - _step__MAX","Group: lora-r8 - eval/overall_f1","Group: lora-r8 - eval/overall_f1__MIN","Group: lora-r8 - eval/overall_f1__MAX","Group: baseline - _step","Group: baseline - _step__MIN","Group: baseline - _step__MAX","Group: baseline - eval/overall_f1","Group: baseline - eval/overall_f1__MIN","Group: baseline - eval/overall_f1__MAX"
"106","1","1","1","0","0","0","1","1","1","0.004578809489113418","0","0.005847953216374269","1","1","1","0.016281913797691006","0.005434782608695652","0.026737967914438505","1","1","1","0.07348475009290799","0.05555555555555555","0.09501187648456057","1","1","1","0.004578809489113418","0","0.005847953216374269","1","1","1","0.004572234546093752","0","0.0058309037900874635","1","1","1","0","0","0","1","1","1","0","0","0","1","1","1","0.8035813228443605","0.7839999999999999","0.8176795580110497"
"212","3","3","3","0.024316502695487758","0.016260162601626018","0.03921568627450981","3","3","3","0.36846436584287356","0.3265993265993266","0.4397163120567376","3","3","3","0.48523417292128573","0.45074224021592446","0.5069637883008357","3","3","3","0.47557120369309624","0.40317460317460313","0.5174418604651162","3","3","3","0.36846436584287356","0.3265993265993266","0.4397163120567376","3","3","3","0.4821011517454819","0.45222072678331093","0.5090403337969402","3","3","3","0.004502264340037073","0","0.005797101449275362","3","3","3","0.004556073909393384","0","0.005813953488372093","3","3","3","0.7998408554985323","0.7709359605911329","0.8238482384823848"
"318","5","5","5","0.25255317039057595","0.23001949317738793","0.2961608775137112","5","5","5","0.5818961361773705","0.5401844532279314","0.6417525773195876","5","5","5","0.6928135289962551","0.6795180722891566","0.7050938337801608","5","5","5","0.6655586177357001","0.6267880364109232","0.7049608355091384","5","5","5","0.5818961361773705","0.5401844532279314","0.6417525773195876","5","5","5","0.7075585500636475","0.6948717948717948","0.7249357326478149","5","5","5","0.1411501154290396","0.11663066954643629","0.201980198019802","5","5","5","0.03197509385719848","0.02185792349726776","0.03814713896457766","5","5","5","0.8269875688718867","0.8194993412384717","0.835135135135135"
"424","7","7","7","0.40886851074552205","0.3774145616641902","0.45375722543352603","7","7","7","0.6761728823532783","0.6622340425531915","0.6906666666666667","7","7","7","0.7428829539719621","0.7221510883482715","0.7704081632653061","7","7","7","0.7170770101545891","0.7016645326504481","0.7279503105590063","7","7","7","0.6761728823532783","0.6622340425531915","0.6906666666666667","7","7","7","0.7533931053060883","0.728877679697352","0.7715736040609138","7","7","7","0.4525032664358532","0.390625","0.4892086330935252","7","7","7","0.19900438123339953","0.1702127659574468","0.22222222222222224","7","7","7","0.8263289104670474","0.8130081300813008","0.8353741496598639"
"530","9","9","9","0.52661858949613","0.5053191489361702","0.5662983425414365","9","9","9","0.7137836356738655","0.6897404202719406","0.7430830039525692","9","9","9","0.7734983049636314","0.7609254498714653","0.7891156462585034","9","9","9","0.762176694366442","0.7550200803212852","0.7652645861601086","9","9","9","0.7137836356738655","0.6897404202719406","0.7430830039525692","9","9","9","0.7887707096430681","0.7808041504539559","0.7989056087551302","9","9","9","0.6287797178384855","0.5950196592398428","0.6578947368421052","9","9","9","0.46824968449344323","0.4026186579378069","0.5217391304347827","9","9","9","0.8293767724805887","0.8086838534599727","0.8515950069348128"
"636","11","11","11","0.5980526700108321","0.5627376425855513","0.6359945872801083","11","11","11","0.7314349000620393","0.7142857142857143","0.7446808510638298","11","11","11","0.7663509525870872","0.741190765492102","0.7841059602649008","11","11","11","0.768097314882281","0.7512437810945274","0.7903225806451613","11","11","11","0.7314349000620393","0.7142857142857143","0.7446808510638298","11","11","11","0.782518954080685","0.7628607277289837","0.8010680907877169","11","11","11","0.6852886847185661","0.657030223390276","0.712258064516129","11","11","11","0.6090476311799609","0.5794655414908579","0.6446499339498019","11","11","11","0.8206464788691938","0.814516129032258","0.8277703604806409"
"742","13","13","13","0.6489912944102393","0.6211340206185567","0.6775956284153006","13","13","13","0.7611572034883192","0.7516778523489932","0.7741046831955923","13","13","13","0.7937186858247192","0.770408163265306","0.8113975576662144","13","13","13","0.7885019229818182","0.7784891165172856","0.7994505494505494","13","13","13","0.7611572034883192","0.7516778523489932","0.7741046831955923","13","13","13","0.7905523448718867","0.7670886075949368","0.8","13","13","13","0.7186752491871644","0.696969696969697","0.7416020671834626","13","13","13","0.6602032564986406","0.6337135614702154","0.6785225718194254","13","13","13","0.8231106200099643","0.8162162162162162","0.8301369863013699"
"848","15","15","15","0.6720141899195684","0.6571798188874515","0.6814621409921671","15","15","15","0.764835185252036","0.7540983606557377","0.7759562841530055","15","15","15","0.7894923217989389","0.781818181818182","0.7961956521739131","15","15","15","0.7907812689426448","0.7793923381770145","0.8020698576972832","15","15","15","0.764835185252036","0.7540983606557377","0.7759562841530055","15","15","15","0.8044615213148114","0.7979139504563234","0.8080536912751678","15","15","15","0.7341499494022472","0.7107843137254902","0.7538860103626942","15","15","15","0.6910806534472095","0.6757090012330456","0.7079407806191118","15","15","15","0.8296595637712901","0.8178025034770514","0.8387096774193548"
"954","17","17","17","0.6876968724762909","0.6649214659685864","0.7156208277703603","17","17","17","0.7753260359821336","0.7655629139072848","0.7860139860139861","17","17","17","0.8020995096423063","0.7869281045751635","0.8201634877384196","17","17","17","0.8024354808653718","0.7939972714870396","0.8089005235602094","17","17","17","0.7753260359821336","0.7655629139072848","0.7860139860139861","17","17","17","0.8065138886938346","0.793148880105402","0.8155080213903743","17","17","17","0.7448903688014996","0.7210191082802548","0.7688311688311689","17","17","17","0.714411944384672","0.7037037037037036","0.7236315086782376","17","17","17","0.8406890676302012","0.829817158931083","0.8567530695770805"
"1060","19","19","19","0.6973468812708132","0.6734955185659411","0.7231182795698925","19","19","19","0.7761619695705332","0.7661290322580645","0.7808764940239045","19","19","19","0.8099795523177724","0.8015768725361366","0.8191489361702129","19","19","19","0.8123558107904916","0.8027027027027028","0.8307692307692308","19","19","19","0.7761619695705332","0.7661290322580645","0.7808764940239045","19","19","19","0.8093279374040598","0.803763440860215","0.815934065934066","19","19","19","0.7561814249654162","0.7451984635083226","0.7650130548302871","19","19","19","0.7324808585044638","0.7282321899736148","0.7386215864759428","19","19","19","0.8458999348776904","0.8269230769230769","0.8540540540540541"
"1166","21","21","21","0.7068803637474593","0.690909090909091","0.7243675099866844","21","21","21","0.7815953989308602","0.7735849056603774","0.7928669410150891","21","21","21","0.8025497363671473","0.7952127659574467","0.8083989501312335","21","21","21","0.8060694840320192","0.7972789115646259","0.8133333333333334","21","21","21","0.7815953989308602","0.7735849056603774","0.7928669410150891","21","21","21","0.8027601889182762","0.7915006640106242","0.8115543328748279","21","21","21","0.7703432934488402","0.7614080834419819","0.7801047120418847","21","21","21","0.7375396924470902","0.7256857855361597","0.7526041666666667","21","21","21","0.8338878584384289","0.8077419354838709","0.8630705394190872"
"1272","23","23","23","0.7183103750973059","0.6983311938382541","0.7328859060402685","23","23","23","0.7856324566211093","0.7769028871391075","0.8016997167138811","23","23","23","0.8114999608550125","0.7917205692108668","0.825","23","23","23","0.8035904730877634","0.7953667953667953","0.8094575799721836","23","23","23","0.7856324566211093","0.7769028871391075","0.8016997167138811","23","23","23","0.8086137558662043","0.7906976744186047","0.8256624825662482","23","23","23","0.7776718043364419","0.7569620253164556","0.7918918918918918","23","23","23","0.7485381074745805","0.7322540473225404","0.7559055118110236","23","23","23","0.8387285483088857","0.8271092669432919","0.8485675306957708"
"1378","25","25","25","0.7306367541917816","0.716931216931217","0.7379679144385027","25","25","25","0.7960194983381763","0.7755644090305446","0.803894297635605","25","25","25","0.8220932116173373","0.8078947368421053","0.832876712328767","25","25","25","0.8148908024904422","0.8048452220726783","0.823529411764706","25","25","25","0.7960194983381763","0.7755644090305446","0.803894297635605","25","25","25","0.8200096569245519","0.8068783068783069","0.826629680998613","25","25","25","0.7782607146084248","0.766839378238342","0.7896174863387979","25","25","25","0.7570240874809944","0.7522464698331193","0.7608695652173912","25","25","25","0.841197020568521","0.8304405874499332","0.8506401137980085"
"1484","27","27","27","0.7406599692638893","0.7287234042553191","0.7510204081632653","27","27","27","0.7957797695005968","0.778833107191316","0.8158253751705321","27","27","27","0.8166833579894707","0.7978436657681941","0.8291316526610645","27","27","27","0.8111399776260132","0.8031290743155148","0.8240109140518419","27","27","27","0.7957797695005968","0.778833107191316","0.8158253751705321","27","27","27","0.8186897019563876","0.7984084880636605","0.8335625859697388","27","27","27","0.7805388360403043","0.7680608365019013","0.788770053475936","27","27","27","0.7625273486350872","0.7445997458703939","0.7789473684210526","27","27","27","0.8376129976609116","0.8248275862068966","0.8486486486486486"
"1590","29","29","29","0.7498856171518596","0.7443037974683544","0.7576601671309192","29","29","29","0.7988609275060962","0.7874015748031495","0.8044692737430166","29","29","29","0.815473445707385","0.8044382801664354","0.8232044198895028","29","29","29","0.8219782568732363","0.8176943699731902","0.8255659121171772","29","29","29","0.7988609275060962","0.7874015748031495","0.8044692737430166","29","29","29","0.8196734188626555","0.8129205921938089","0.8271954674220963","29","29","29","0.7870624002833572","0.7700127064803051","0.8066298342541437","29","29","29","0.7674822443220932","0.7455919395465995","0.778061224489796","29","29","29","0.8445220630017433","0.8243243243243243","0.8602442333785618"
"1696","31","31","31","0.7589353256332512","0.7513089005235603","0.7621696801112657","31","31","31","0.8019677293078029","0.787716955941255","0.8149171270718233","31","31","31","0.8103692523010965","0.803191489361702","0.8228882833787466","31","31","31","0.8155392370428899","0.8021390374331551","0.8277777777777778","31","31","31","0.8019677293078029","0.787716955941255","0.8149171270718233","31","31","31","0.8165649129245459","0.8086253369272238","0.8232118758434549","31","31","31","0.7864002159123699","0.7786458333333334","0.7955801104972376","31","31","31","0.7719236448727133","0.7570332480818415","0.7829457364341085","31","31","31","0.8487147268514963","0.8349514563106795","0.8559556786703602"
"1802","33","33","33","0.7581821443447783","0.7536231884057972","0.7616580310880829","33","33","33","0.805904761242858","0.7875507442489851","0.8193103448275862","33","33","33","0.8245941318278837","0.8197596795727637","0.8290013679890562","33","33","33","0.8179309373539361","0.814419225634179","0.8243243243243243","33","33","33","0.805904761242858","0.7875507442489851","0.8193103448275862","33","33","33","0.8143039602558219","0.80998613037448","0.8225584594222833","33","33","33","0.7853531770008724","0.7814910025706941","0.7925531914893617","33","33","33","0.7748039776858453","0.7557251908396947","0.7855297157622738","33","33","33","0.8383790047305617","0.8205841446453408","0.8563535911602209"
"1908","35","35","35","0.7626547647996513","0.7534246575342467","0.7752956636005257","35","35","35","0.803364159748703","0.7936507936507937","0.8176795580110496","35","35","35","0.8164557522469729","0.8067010309278351","0.8271092669432918","35","35","35","0.8137221988704116","0.8032564450474898","0.8212824010914053","35","35","35","0.803364159748703","0.7936507936507937","0.8176795580110496","35","35","35","0.8119726880847848","0.7911802853437095","0.8250000000000001","35","35","35","0.7894701391748693","0.7787839586028461","0.8","35","35","35","0.7759548724197114","0.7696267696267697","0.7839586028460543","35","35","35","0.8415675384259533","0.8217270194986072","0.8602442333785618"
"2014","37","37","37","0.7634200703849525","0.7564766839378239","0.7676240208877285","37","37","37","0.807427645537097","0.7999999999999999","0.8188105117565698","37","37","37","0.8242488653178874","0.8132450331125827","0.8413793103448276","37","37","37","0.8274623738778606","0.8258426966292135","0.8299319727891157","37","37","37","0.807427645537097","0.7999999999999999","0.8188105117565698","37","37","37","0.8268267681657179","0.8228882833787465","0.8296089385474861","37","37","37","0.7951603796906307","0.7819354838709679","0.8071135430916553","37","37","37","0.7823911644168562","0.764102564102564","0.7917808219178082","37","37","37","0.8496479497591191","0.8354080221300139","0.8599439775910364"
"2120","39","39","39","0.7687357637264635","0.7513227513227513","0.7760000000000001","39","39","39","0.8073822991520092","0.7962962962962963","0.8132450331125828","39","39","39","0.8187531187836198","0.8010752688172044","0.8335552596537948","39","39","39","0.8201362281847935","0.8138297872340426","0.8324324324324324","39","39","39","0.8073822991520092","0.7962962962962963","0.8132450331125828","39","39","39","0.8280003423723071","0.8186666666666667","0.8385269121813032","39","39","39","0.7910398301728236","0.7884362680683311","0.7953367875647667","39","39","39","0.7779453242652743","0.7640156453715775","0.7926988265971316","39","39","39","0.8411623446128162","0.8366197183098592","0.8475524475524475"
"2226","41","41","41","0.7720893449803549","0.7607843137254902","0.7762803234501348","41","41","41","0.8145961594488744","0.8010471204188482","0.8246575342465754","41","41","41","0.8209600941314361","0.8048452220726783","0.8480662983425414","41","41","41","0.8185672181710032","0.7947712418300653","0.8295904887714662","41","41","41","0.8145961594488744","0.8010471204188482","0.8246575342465754","41","41","41","0.8172621996594696","0.7962962962962963","0.8365122615803815","41","41","41","0.7954941446435564","0.785243741765481","0.8052980132450331","41","41","41","0.7878896463369667","0.7682291666666666","0.8010610079575596","41","41","41","0.8435162487928608","0.828804347826087","0.8657534246575342"
"2332","43","43","43","0.7704090280995004","0.7625329815303432","0.7774725274725275","43","43","43","0.8145853237546765","0.7900912646675358","0.8328690807799444","43","43","43","0.819296255604284","0.8117489986648866","0.8362652232746955","43","43","43","0.8119504134483957","0.796875","0.8204419889502763","43","43","43","0.8145853237546765","0.7900912646675358","0.8328690807799444","43","43","43","0.8188970425737908","0.8032345013477089","0.8260869565217391","43","43","43","0.7912057299678206","0.769620253164557","0.8123324396782842","43","43","43","0.7840653292980897","0.7633587786259542","0.7967257844474761","43","43","43","0.846756023368583","0.828496042216359","0.8651685393258427"
"2438","45","45","45","0.7791403195321396","0.7684069611780456","0.7846364883401921","45","45","45","0.8211936083767087","0.8176638176638177","0.8249336870026525","45","45","45","0.8253166267596017","0.8139223560910309","0.8340080971659919","45","45","45","0.8260701248265784","0.8091397849462367","0.84","45","45","45","0.8211936083767087","0.8176638176638177","0.8249336870026525","45","45","45","0.8284924312233578","0.8208744710860366","0.8372093023255812","45","45","45","0.8013110161073593","0.7984189723320159","0.8054421768707483","45","45","45","0.7924813103163968","0.7783505154639175","0.7999999999999999","45","45","45","0.8454748378704785","0.8248275862068966","0.8567415730337079"
"2544","47","47","47","0.7722934793725469","0.762402088772846","0.7830687830687829","47","47","47","0.813046189017062","0.7962962962962963","0.8285322359396433","47","47","47","0.8233889290315215","0.8152031454783748","0.8319559228650136","47","47","47","0.8199818580665978","0.8143236074270557","0.8228882833787466","47","47","47","0.813046189017062","0.7962962962962963","0.8285322359396433","47","47","47","0.8231074150618014","0.8055944055944055","0.8324175824175825","47","47","47","0.7916833160706029","0.782051282051282","0.7999999999999999","47","47","47","0.7901825898350707","0.7803617571059431","0.7973333333333333","47","47","47","0.8423482524158385","0.8306010928961749","0.8559322033898306"
"2650","49","49","49","0.7775841650608534","0.7658998646820028","0.7912087912087913","49","49","49","0.8184688748468908","0.8117489986648865","0.8246318607764391","49","49","49","0.8149434940490481","0.8010269576379975","0.8301886792452831","49","49","49","0.8273732374374376","0.814419225634179","0.8423988842398884","49","49","49","0.8184688748468908","0.8117489986648865","0.8246318607764391","49","49","49","0.8230849073299223","0.80946123521682","0.8376068376068375","49","49","49","0.7967932654725921","0.7803617571059431","0.8128342245989304","49","49","49","0.7879462610048862","0.7759282970550576","0.7956403269754767","49","49","49","0.8441791345457805","0.8337950138504155","0.8587257617728532"
"2756","51","51","51","0.7836501462338891","0.7726675427069645","0.790190735694823","51","51","51","0.8185860728215042","0.8052980132450331","0.8312412831241283","51","51","51","0.8171940605570901","0.8052980132450333","0.8333333333333334","51","51","51","0.8287725073881622","0.8205128205128205","0.8425414364640883","51","51","51","0.8185860728215042","0.8052980132450331","0.8312412831241283","51","51","51","0.8166188232588368","0.8058902275769746","0.8314606741573034","51","51","51","0.7976663168434203","0.7910643889618922","0.8053691275167786","51","51","51","0.7902075032061291","0.7660130718954249","0.7989556135770234","51","51","51","0.8437027824749677","0.8278688524590163","0.8582887700534759"
"2862","53","53","53","0.7838618376869644","0.7767253044654939","0.79382889200561","53","53","53","0.8126595001870702","0.7894736842105263","0.8328690807799444","53","53","53","0.8174079759883337","0.8095872170439414","0.8232044198895028","53","53","53","0.8179555537042752","0.8110964332892999","0.8301369863013699","53","53","53","0.8126595001870702","0.7894736842105263","0.8328690807799444","53","53","53","0.8178394713894157","0.8049792531120332","0.8256130790190735","53","53","53","0.7980166216079171","0.7833981841763942","0.8148148148148149","53","53","53","0.797005900672847","0.7801047120418848","0.8081632653061224","53","53","53","0.840597927087104","0.8238557558945908","0.8552278820375334"
"2968","55","55","55","0.7890473503914153","0.7754010695187166","0.7994428969359332","55","55","55","0.8154525019909968","0.809782608695652","0.8212290502793296","55","55","55","0.8250903658432506","0.8151041666666666","0.8395061728395062","55","55","55","0.8272683457257873","0.8070175438596492","0.8337801608579088","55","55","55","0.8154525019909968","0.809782608695652","0.8212290502793296","55","55","55","0.8280598876338641","0.8193103448275862","0.8372093023255814","55","55","55","0.8005641787440128","0.7953063885267275","0.8080536912751678","55","55","55","0.7942690054366943","0.7772020725388602","0.8095872170439414","55","55","55","0.8461673178744753","0.828060522696011","0.8599439775910365"
"3074","57","57","57","0.7915724552265399","0.7840440165061899","0.800561797752809","57","57","57","0.8171238466691733","0.7989347536617842","0.8256624825662484","57","57","57","0.8248210116759453","0.8097686375321336","0.8349249658935879","57","57","57","0.8293744331415098","0.8211382113821138","0.8364611260053618","57","57","57","0.8171238466691733","0.7989347536617842","0.8256624825662484","57","57","57","0.8275085991914501","0.8149171270718231","0.835820895522388","57","57","57","0.8030153098134367","0.7934093789607097","0.8183041722745626","57","57","57","0.7959579575559977","0.7777777777777778","0.8112449799196787","57","57","57","0.8471799084523829","0.8273894436519258","0.8730385164051355"
"3180","59","59","59","0.798403630676724","0.782258064516129","0.8070175438596491","59","59","59","0.8214655296990847","0.8139223560910309","0.8312056737588652","59","59","59","0.8232177533981835","0.8157894736842105","0.8333333333333334","59","59","59","0.828917287521034","0.8183041722745626","0.849083215796897","59","59","59","0.8214655296990847","0.8139223560910309","0.8312056737588652","59","59","59","0.8317315782847536","0.8226950354609929","0.8408163265306122","59","59","59","0.7989541337819611","0.7896103896103897","0.8069241011984021","59","59","59","0.7993886033352654","0.7835325365205843","0.8090787716955942","59","59","59","0.8545118573701831","0.8347107438016529","0.8680851063829786"
"3286","61","61","61","0.7956529781698048","0.7854251012145749","0.8058902275769746","61","61","61","0.8170665678415059","0.8095238095238095","0.8326300984528833","61","61","61","0.8261647364095603","0.8135135135135134","0.8376534788540246","61","61","61","0.8207451496277998","0.8070175438596492","0.827972027972028","61","61","61","0.8170665678415059","0.8095238095238095","0.8326300984528833","61","61","61","0.8246091861553498","0.8076923076923076","0.8333333333333334","61","61","61","0.8041169586128133","0.7911227154046998","0.817320703653586","61","61","61","0.7990961533663692","0.787878787878788","0.8070652173913044","61","61","61","0.8499715324360025","0.8372739916550764","0.8637015781922526"
"3392","63","63","63","0.798543430288242","0.7918918918918919","0.8123249299719888","63","63","63","0.8152797122040404","0.7989556135770235","0.8258426966292135","63","63","63","0.8242620650878048","0.81151832460733","0.8319327731092437","63","63","63","0.826719687626948","0.8146143437077131","0.8413597733711048","63","63","63","0.8152797122040404","0.7989556135770235","0.8258426966292135","63","63","63","0.8241572357094913","0.8095238095238096","0.8418156808803301","63","63","63","0.8075347126008385","0.7963683527885862","0.8257887517146778","63","63","63","0.7973108145310592","0.7854356306892067","0.803788903924222","63","63","63","0.8555781364172226","0.8387978142076504","0.880450070323488"
"3498","65","65","65","0.7982046588315305","0.7882037533512065","0.8083916083916084","65","65","65","0.8255139628363034","0.8209366391184572","0.8286516853932584","65","65","65","0.8283225095232869","0.8123324396782842","0.8428184281842819","65","65","65","0.8233206147073409","0.8129205921938089","0.8286099865047234","65","65","65","0.8255139628363034","0.8209366391184572","0.8286516853932584","65","65","65","0.8303895733530611","0.8049450549450551","0.8402203856749312","65","65","65","0.8095929860051587","0.8046875000000001","0.819538670284939","65","65","65","0.7989042925796316","0.7816993464052289","0.8100263852242744","65","65","65","0.8506581377302311","0.8368794326241135","0.8640226628895185"
"3604","67","67","67","0.8007971364738721","0.7909454061251664","0.8080536912751679","67","67","67","0.8211345817356493","0.8113207547169812","0.8366197183098592","67","67","67","0.8241230242012707","0.8100263852242744","0.8333333333333334","67","67","67","0.8239300863673813","0.8095872170439414","0.835408022130014","67","67","67","0.8211345817356493","0.8113207547169812","0.8366197183098592","67","67","67","0.8318147199772618","0.8125854993160055","0.8482384823848239","67","67","67","0.8066046256533601","0.799468791500664","0.8204419889502763","67","67","67","0.7947572798705989","0.7837483617300132","0.8031496062992126","67","67","67","0.854376421122623","0.8495821727019498","0.8622589531680441"
"3710","69","69","69","0.7951723084511548","0.7830687830687829","0.8121546961325966","69","69","69","0.8165209267636214","0.8010610079575596","0.8347338935574229","69","69","69","0.8228185603221577","0.8063660477453581","0.8409405255878284","69","69","69","0.8224564629901622","0.8101604278074866","0.8387096774193548","69","69","69","0.8165209267636214","0.8010610079575596","0.8347338935574229","69","69","69","0.823272263465768","0.8161073825503355","0.8283378746594006","69","69","69","0.8035259057401257","0.7989690721649485","0.8112449799196788","69","69","69","0.797233325957666","0.7890625","0.8031704095112285","69","69","69","0.8632011204536104","0.853185595567867","0.8700564971751412"
"3816","71","71","71","0.7992061132487072","0.7897574123989218","0.8111888111888111","71","71","71","0.8204738137546916","0.8110964332892999","0.8293370944992947","71","71","71","0.8280054881407487","0.8194070080862532","0.8347107438016529","71","71","71","0.8262626768673969","0.8179347826086957","0.8349514563106797","71","71","71","0.8204738137546916","0.8110964332892999","0.8293370944992947","71","71","71","0.831336729156491","0.8139860139860141","0.8458390177353343","71","71","71","0.804042042506208","0.7958387516254878","0.8153214774281805","71","71","71","0.799601913746556","0.78748370273794","0.8112449799196787","71","71","71","0.8592543399489898","0.8435754189944135","0.8668555240793201"
"3922","73","73","73","0.7972032133469045","0.7847769028871391","0.8044382801664354","73","73","73","0.8168272278427745","0.7973856209150326","0.840620592383639","73","73","73","0.8248569696104143","0.8093385214007783","0.8491620111731844","73","73","73","0.8266734314063386","0.8093994778067884","0.8447552447552447","73","73","73","0.8168272278427745","0.7973856209150326","0.840620592383639","73","73","73","0.8259094739390491","0.799475753604194","0.8439620081411127","73","73","73","0.8002076784481196","0.7852604828462516","0.8127490039840637","73","73","73","0.7915030000474882","0.7700127064803051","0.8068783068783069","73","73","73","0.8523436050306167","0.8435754189944135","0.8612303290414879"
"4028","75","75","75","0.803885490905261","0.7872340425531915","0.8131868131868132","75","75","75","0.8189335442299723","0.8090185676392573","0.8363636363636363","75","75","75","0.8308782594556915","0.8172043010752689","0.8543689320388349","75","75","75","0.8255510428877472","0.8176943699731902","0.8369565217391305","75","75","75","0.8189335442299723","0.8090185676392573","0.8363636363636363","75","75","75","0.833553755752444","0.8051209103840683","0.8523206751054854","75","75","75","0.8104943701906677","0.802124833997344","0.8192771084337348","75","75","75","0.7923660867100488","0.7831800262812089","0.8068783068783069","75","75","75","0.8505789407365472","0.8396094839609484","0.8607954545454546"
"4134","77","77","77","0.8067579932750857","0.7889182058047493","0.8123249299719889","77","77","77","0.8231517499033612","0.8158940397350992","0.8283378746594006","77","77","77","0.8262439463434976","0.8202247191011235","0.8317631224764468","77","77","77","0.8272531137112449","0.8152173913043478","0.8441926345609064","77","77","77","0.8231517499033612","0.8158940397350992","0.8283378746594006","77","77","77","0.8347166191450659","0.8161559888579387","0.8431105047748977","77","77","77","0.805717119881891","0.7958656330749354","0.8225806451612903","77","77","77","0.8007641445378146","0.7855297157622738","0.812760055478502","77","77","77","0.8530718452967386","0.8412483039348712","0.8724279835390947"
"4240","79","79","79","0.8074729871463386","0.8010752688172043","0.8117977528089888","79","79","79","0.818164054174497","0.8085676037483266","0.8330995792426368","79","79","79","0.8199970045980558","0.8149134487350199","0.8349514563106795","79","79","79","0.824264889185614","0.8162162162162162","0.8425531914893617","79","79","79","0.818164054174497","0.8085676037483266","0.8330995792426368","79","79","79","0.8273644806616849","0.7940780619111709","0.853625170998632","79","79","79","0.8120469485566227","0.7999999999999999","0.8211382113821138","79","79","79","0.8030156567243066","0.7848761408083441","0.8111702127659575","79","79","79","0.8517909581498667","0.8387096774193549","0.8698060941828255"
"4346","81","81","81","0.8082494770966525","0.7904509283819627","0.8208744710860366","81","81","81","0.8205866470570065","0.7958115183246073","0.8410689170182841","81","81","81","0.8282662757241479","0.8135593220338984","0.8419618528610354","81","81","81","0.8303186955329058","0.824","0.8377253814147018","81","81","81","0.8205866470570065","0.7958115183246073","0.8410689170182841","81","81","81","0.8346551960980758","0.8238482384823848","0.8505434782608695","81","81","81","0.8155045696579467","0.8036410923276982","0.8227334235453315","81","81","81","0.7977557437786468","0.7816993464052289","0.8084544253632759","81","81","81","0.8559518987582688","0.8415147265077138","0.8677685950413223"
"4452","83","83","83","0.8027683305915918","0.7861885790172644","0.8152327221438647","83","83","83","0.8220343574720147","0.8142076502732241","0.8377997179125528","83","83","83","0.8344656758860178","0.8232044198895028","0.8607242339832869","83","83","83","0.831644068158486","0.8266666666666667","0.8346883468834689","83","83","83","0.8220343574720147","0.8142076502732241","0.8377997179125528","83","83","83","0.8311267967409716","0.8134642356241235","0.8415300546448088","83","83","83","0.8143544286223794","0.8026143790849672","0.8236877523553163","83","83","83","0.797329619047567","0.7716129032258064","0.8121546961325967","83","83","83","0.8552809615397606","0.8375838926174496","0.8781869688385271"
"4558","85","85","85","0.8075993064350697","0.7967698519515478","0.8162692847124825","85","85","85","0.8221702216569906","0.8113975576662144","0.8455056179775281","85","85","85","0.8265640654031321","0.8068331143232589","0.8507042253521127","85","85","85","0.8305004023596864","0.8243064729194188","0.8410689170182841","85","85","85","0.8221702216569906","0.8113975576662144","0.8455056179775281","85","85","85","0.8297167094346409","0.8184357541899442","0.8362652232746954","85","85","85","0.8159654394118538","0.7978863936591809","0.8342541436464089","85","85","85","0.8016630382673723","0.7843137254901961","0.8095238095238096","85","85","85","0.8540669299434442","0.8391608391608392","0.8666666666666667"
"4664","87","87","87","0.8133644944344613","0.8053691275167785","0.8225806451612903","87","87","87","0.8232240014455849","0.8187919463087249","0.8310249307479224","87","87","87","0.8315935688643465","0.8213333333333334","0.8477366255144033","87","87","87","0.8300982620337212","0.8189189189189189","0.8337950138504154","87","87","87","0.8232240014455849","0.8187919463087249","0.8310249307479224","87","87","87","0.8367071430324444","0.8305555555555555","0.8432432432432433","87","87","87","0.8137692904754277","0.8060522696011004","0.8238482384823848","87","87","87","0.8003772849812958","0.7837483617300132","0.8154050464807437","87","87","87","0.8474601735085227","0.8356164383561644","0.8620199146514936"
"4770","89","89","89","0.8112949687756265","0.8037634408602151","0.8200836820083682","89","89","89","0.8193301181113339","0.8042328042328041","0.8310626702997275","89","89","89","0.8275367172911778","0.8216216216216216","0.8360215053763441","89","89","89","0.8318573192233458","0.8201634877384196","0.8373983739837397","89","89","89","0.8193301181113339","0.8042328042328041","0.8310626702997275","89","89","89","0.8310327191849302","0.8190743338008415","0.8462585034013606","89","89","89","0.814436799837717","0.7979139504563233","0.8249660786974219","89","89","89","0.8022646885933999","0.7942332896461337","0.8095872170439414","89","89","89","0.8529219031123519","0.8415300546448087","0.8684931506849316"
"4876","91","91","91","0.8162799667245109","0.8032128514056224","0.8251748251748251","91","91","91","0.8228030065025781","0.8165997322623829","0.8326300984528833","91","91","91","0.8303301781468099","0.8236914600550965","0.8342245989304813","91","91","91","0.8264645250987865","0.819047619047619","0.8349788434414668","91","91","91","0.8228030065025781","0.8165997322623829","0.8326300984528833","91","91","91","0.8274645353557528","0.8143053645116919","0.8396739130434784","91","91","91","0.8156861210488227","0.8068783068783069","0.8227334235453315","91","91","91","0.803352448517218","0.7857142857142856","0.8127490039840637","91","91","91","0.8466330247248809","0.8441379310344828","0.8521505376344086"
"4982","93","93","93","0.809079726033899","0.7999999999999999","0.8180574555403557","93","93","93","0.8189585607545371","0.8169398907103824","0.8258426966292135","93","93","93","0.8266397962833917","0.8178137651821862","0.8400556328233658","93","93","93","0.8247403897845673","0.81151832460733","0.8377997179125528","93","93","93","0.8189585607545371","0.8169398907103824","0.8258426966292135","93","93","93","0.8342710369802075","0.8263305322128851","0.8439620081411127","93","93","93","0.8125273748053162","0.805699481865285","0.8161073825503355","93","93","93","0.799155709120322","0.788036410923277","0.8120893561103809","93","93","93","0.8516304506895171","0.8353741496598639","0.8715728715728714"
"5088","95","95","95","0.811446591883939","0.803763440860215","0.8225352112676056","95","95","95","0.8217662170167724","0.8154050464807437","0.8389830508474576","95","95","95","0.8273606735605128","0.8172043010752688","0.8454172366621066","95","95","95","0.8262705699037449","0.8213333333333335","0.8387096774193548","95","95","95","0.8217662170167724","0.8154050464807437","0.8389830508474576","95","95","95","0.8326622260150451","0.823529411764706","0.8401084010840107","95","95","95","0.8103482383578531","0.7984395318595578","0.8168249660786975","95","95","95","0.8012723826263519","0.7939972714870397","0.8073394495412844","95","95","95","0.8487974036121203","0.8209959623149394","0.8659217877094972"
"5194","97","97","97","0.811751356139735","0.8021390374331551","0.8207282913165266","97","97","97","0.8252411721546862","0.8095872170439414","0.8398876404494382","97","97","97","0.830831490835895","0.8189189189189189","0.8413978494623655","97","97","97","0.830162635859147","0.8201634877384195","0.8367071524966261","97","97","97","0.8252411721546862","0.8095872170439414","0.8398876404494382","97","97","97","0.8352781252118223","0.8200836820083682","0.8461538461538463","97","97","97","0.8117446403550529","0.7973856209150327","0.8214765100671141","97","97","97","0.8039036582156174","0.7926509186351706","0.8125854993160054","97","97","97","0.847178643105995","0.834924965893588","0.8563458856345887"
"5300","99","99","99","0.8114956292752818","0.7989487516425756","0.8172942817294282","99","99","99","0.8230966459833686","0.8151147098515519","0.8312056737588652","99","99","99","0.8236059041015686","0.8149210903873746","0.8303448275862069","99","99","99","0.8270684476438259","0.8107344632768361","0.8495821727019498","99","99","99","0.8230966459833686","0.8151147098515519","0.8312056737588652","99","99","99","0.835928615523871","0.8228730822873082","0.8551724137931035","99","99","99","0.8136089178401296","0.8015665796344648","0.8269230769230769","99","99","99","0.7999490379720571","0.7916666666666666","0.8067226890756302","99","99","99","0.8506798718341514","0.838888888888889","0.8607594936708861"
"5406","101","101","101","0.8151063842560191","0.8079470198675496","0.8204419889502762","101","101","101","0.8254116405483248","0.808","0.841514726507714","101","101","101","0.8310633827914501","0.8125819134993448","0.8423988842398884","101","101","101","0.8302990138887646","0.8243243243243243","0.8397163120567377","101","101","101","0.8254116405483248","0.808","0.841514726507714","101","101","101","0.8411232591703502","0.812760055478502","0.856353591160221","101","101","101","0.8143268314847866","0.8026315789473685","0.8233695652173914","101","101","101","0.7996175659742358","0.7843137254901961","0.8084544253632759","101","101","101","0.8574095438158068","0.8445667125171938","0.8678720445062587"
"5512","103","103","103","0.8147542878652093","0.8032128514056224","0.8243430152143846","103","103","103","0.8239544020412186","0.8091397849462366","0.836021505376344","103","103","103","0.8279261475263116","0.8188105117565698","0.8454172366621066","103","103","103","0.8286634640358495","0.8153034300791556","0.844804318488529","103","103","103","0.8239544020412186","0.8091397849462366","0.836021505376344","103","103","103","0.839455058903295","0.8274894810659187","0.8486486486486486","103","103","103","0.8134356305726875","0.8010471204188482","0.8221024258760108","103","103","103","0.8033911496895664","0.7900912646675359","0.8170563961485557","103","103","103","0.8468956199146976","0.8313413014608234","0.855920114122682"
"5618","105","105","105","0.8125701775113136","0.7958115183246073","0.8230337078651686","105","105","105","0.8238024395360238","0.8068331143232589","0.8410689170182841","105","105","105","0.8282650351318503","0.8195876288659794","0.8335588633288227","105","105","105","0.8262875584742175","0.8125819134993448","0.836021505376344","105","105","105","0.8238024395360238","0.8068331143232589","0.8410689170182841","105","105","105","0.833714380429267","0.8169398907103824","0.8458390177353343","105","105","105","0.8069251381519725","0.788659793814433","0.8243243243243245","105","105","105","0.7957278773581992","0.7769230769230769","0.8033240997229917","105","105","105","0.8450636551157258","0.8340080971659919","0.8587731811697575"
"5724","107","107","107","0.8127668866491042","0.7978863936591809","0.8249336870026525","107","107","107","0.8205567210720968","0.8085676037483267","0.8398876404494382","107","107","107","0.8313308531732769","0.8170894526034712","0.8512396694214877","107","107","107","0.8236389173288327","0.811443433029909","0.8310991957104559","107","107","107","0.8205567210720968","0.8085676037483267","0.8398876404494382","107","107","107","0.8413716518424476","0.8263305322128851","0.848901098901099","107","107","107","0.8138458769664213","0.8010335917312662","0.8256130790190735","107","107","107","0.8005311143091358","0.7802340702210663","0.8137384412153236","107","107","107","0.8495224242845927","0.8406593406593406","0.8559440559440559"
"5830","109","109","109","0.8153029025889689","0.8069241011984021","0.82336578581363","109","109","109","0.8243034813935208","0.8015768725361366","0.8455056179775281","109","109","109","0.8293921767918949","0.8111702127659576","0.840381991814461","109","109","109","0.8269485378886061","0.8179347826086957","0.8337801608579088","109","109","109","0.8243034813935208","0.8015768725361366","0.8455056179775281","109","109","109","0.8352696037744766","0.8224043715846995","0.8485675306957708","109","109","109","0.8102083595556216","0.7942708333333333","0.8165517241379311","109","109","109","0.8008473758337056","0.7845161290322581","0.8114754098360656","109","109","109","0.8478194031658136","0.8296089385474861","0.8623087621696801"
"5936","111","111","111","0.814252017751109","0.8005284015852047","0.823529411764706","111","111","111","0.8208273203054681","0.8095238095238096","0.8338028169014083","111","111","111","0.8379137563233787","0.8335588633288228","0.8484005563282337","111","111","111","0.8306065123772418","0.8262653898768809","0.8413597733711048","111","111","111","0.8208273203054681","0.8095238095238096","0.8338028169014083","111","111","111","0.8383845891604184","0.8178025034770514","0.858321870701513","111","111","111","0.814680681357989","0.8005215123859191","0.8207934336525308","111","111","111","0.8014925757802223","0.7916666666666666","0.8132450331125827","111","111","111","0.851446572931161","0.8404993065187241","0.8670360110803323"
"6042","113","113","113","0.8152587969573215","0.8042609853528628","0.8211920529801325","113","113","113","0.8245994294651601","0.8185538881309686","0.8347338935574229","113","113","113","0.8313087812859111","0.8203753351206433","0.841225626740947","113","113","113","0.8297578948253946","0.8222222222222222","0.835820895522388","113","113","113","0.8245994294651601","0.8185538881309686","0.8347338935574229","113","113","113","0.8389204764401873","0.8225584594222835","0.8508891928864568","113","113","113","0.8135426426192428","0.7917205692108668","0.8273972602739725","113","113","113","0.805016369104316","0.788586251621271","0.8143053645116919","113","113","113","0.8526681783964026","0.846473029045643","0.8631284916201116"
"6148","115","115","115","0.8153450987606623","0.800531914893617","0.8263305322128851","115","115","115","0.822458142637039","0.8163265306122449","0.8372739916550764","115","115","115","0.8311469554483726","0.8246844319775597","0.839779005524862","115","115","115","0.8311947332089573","0.8245125348189415","0.8416666666666667","115","115","115","0.822458142637039","0.8163265306122449","0.8372739916550764","115","115","115","0.8328188262974875","0.8175388967468176","0.844566712517194","115","115","115","0.8178315698886387","0.8063660477453581","0.8233695652173914","115","115","115","0.8056703380909308","0.7926988265971318","0.8143053645116919","115","115","115","0.8484880300608033","0.8317631224764468","0.8623595505617977"
"6254","117","117","117","0.8163770001459074","0.8010610079575596","0.825","117","117","117","0.822503367510788","0.8186666666666668","0.8363636363636363","117","117","117","0.8278833439049598","0.8187919463087249","0.834924965893588","117","117","117","0.8304093122738075","0.8186666666666667","0.8385345997286295","117","117","117","0.822503367510788","0.8186666666666668","0.8363636363636363","117","117","117","0.8313232529031682","0.8149171270718231","0.8418156808803302","117","117","117","0.8138525741962386","0.8031496062992126","0.8238482384823848","117","117","117","0.8059970642355816","0.7994722955145119","0.8116710875331565","117","117","117","0.8534965919894161","0.8396739130434784","0.8653846153846154"
"6360","119","119","119","0.8149947022040311","0.8069705093833781","0.8208556149732621","119","119","119","0.8223301916377193","0.8169761273209548","0.8330995792426368","119","119","119","0.8352262912262702","0.8246844319775597","0.8500000000000001","119","119","119","0.8349540826398227","0.8273092369477911","0.8431372549019608","119","119","119","0.8223301916377193","0.8169761273209548","0.8330995792426368","119","119","119","0.8357216247471448","0.8163265306122449","0.8563611491108072","119","119","119","0.817437561591631","0.8121693121693121","0.8240109140518419","119","119","119","0.8054550810499077","0.7952755905511811","0.8153034300791556","119","119","119","0.851830791032425","0.841095890410959","0.8579234972677596"
"6466","121","121","121","0.8165845007860023","0.8042609853528628","0.8268456375838926","121","121","121","0.8234688294030365","0.816","0.8349788434414668","121","121","121","0.8305079635343633","0.8166189111747851","0.8411214953271029","121","121","121","0.8336261732601316","0.8222811671087533","0.8418156808803301","121","121","121","0.8234688294030365","0.816","0.8349788434414668","121","121","121","0.8407079906916067","0.8258426966292134","0.8506401137980085","121","121","121","0.8171398133584471","0.8073878627968336","0.827027027027027","121","121","121","0.806370445850025","0.7968337730870712","0.8153034300791556","121","121","121","0.856357467427736","0.849507735583685","0.8681948424068767"
"6572","123","123","123","0.8182346515217072","0.8079470198675496","0.8261474269819195","123","123","123","0.820058139370637","0.8150134048257373","0.8307692307692308","123","123","123","0.8290985344344503","0.8108108108108109","0.8466947960618846","123","123","123","0.8269441019001892","0.8224043715846995","0.8308921438082557","123","123","123","0.820058139370637","0.8150134048257373","0.8307692307692308","123","123","123","0.8374113663399297","0.8189415041782728","0.8587731811697575","123","123","123","0.8119343286923051","0.7956104252400549","0.823045267489712","123","123","123","0.8089311328043663","0.8015873015873016","0.8190224570673712","123","123","123","0.8521595739913833","0.8348993288590604","0.8717948717948717"
"6678","125","125","125","0.8177977458351868","0.8074866310160428","0.8257372654155497","125","125","125","0.8252645383335014","0.8195386702849389","0.8382559774964837","125","125","125","0.8318506842469706","0.8235294117647058","0.8458390177353343","125","125","125","0.8325552655404527","0.8218085106382977","0.8380187416331994","125","125","125","0.8252645383335014","0.8195386702849389","0.8382559774964837","125","125","125","0.832031640210069","0.8224043715846995","0.839506172839506","125","125","125","0.813409236258493","0.804177545691906","0.8273092369477911","125","125","125","0.8034145834896478","0.7937336814621411","0.814404432132964","125","125","125","0.8548768569485885","0.8451086956521738","0.8624113475177306"
"6784","127","127","127","0.8184602487565069","0.8144192256341789","0.8227334235453315","127","127","127","0.818780271553926","0.814516129032258","0.824468085106383","127","127","127","0.8370522981137452","0.8213333333333334","0.8539944903581267","127","127","127","0.8313616519735622","0.8230563002680965","0.8409703504043127","127","127","127","0.818780271553926","0.814516129032258","0.824468085106383","127","127","127","0.840448311662999","0.8212290502793296","0.8587257617728533","127","127","127","0.8174836442805493","0.8090185676392573","0.8266666666666665","127","127","127","0.8071554373807256","0.7951807228915664","0.8142292490118578","127","127","127","0.8563997418083007","0.8466757123473541","0.8627450980392156"
"6890","129","129","129","0.8156374136238437","0.8031704095112285","0.8277777777777778","129","129","129","0.8201848802503932","0.8149134487350199","0.8349514563106797","129","129","129","0.8248159630734543","0.8116710875331565","0.8354080221300137","129","129","129","0.836810317822445","0.8313090418353577","0.8443843031123139","129","129","129","0.8201848802503932","0.8149134487350199","0.8349514563106797","129","129","129","0.8390801288787756","0.8225584594222835","0.8535564853556485","129","129","129","0.8162578163418743","0.8079470198675496","0.8207171314741034","129","129","129","0.81044897332399","0.8026315789473685","0.8163804491413474","129","129","129","0.8524326137730801","0.8313090418353576","0.8639551192145861"
"6996","131","131","131","0.8167288270471408","0.8073878627968336","0.8274894810659188","131","131","131","0.823425424456735","0.8153034300791557","0.8349514563106797","131","131","131","0.8338444990109967","0.8217270194986072","0.8484848484848485","131","131","131","0.8336196325347169","0.8236842105263158","0.843441466854725","131","131","131","0.823425424456735","0.8153034300791557","0.8349514563106797","131","131","131","0.838950000181389","0.8244897959183674","0.8487394957983192","131","131","131","0.8162834758463792","0.8042049934296978","0.8286099865047233","131","131","131","0.8092786963205685","0.803788903924222","0.8184210526315788","131","131","131","0.8586564078915344","0.8523206751054851","0.8656294200848657"
"7102","133","133","133","0.8208957445540941","0.815114709851552","0.8302945301542777","133","133","133","0.8236100259309517","0.8117489986648865","0.8321775312066575","133","133","133","0.8327577412455962","0.8184357541899442","0.8527777777777777","133","133","133","0.8336217598826877","0.8232189973614775","0.8379120879120879","133","133","133","0.8236100259309517","0.8117489986648865","0.8321775312066575","133","133","133","0.8357538611922731","0.8185654008438819","0.8485675306957708","133","133","133","0.8215218156293125","0.8143236074270558","0.8267394270122784","133","133","133","0.8102877161958025","0.8038147138964578","0.8233731739707836","133","133","133","0.8528928074411892","0.8475033738191633","0.8583106267029972"
"7208","135","135","135","0.815444576156408","0.8100929614873836","0.826629680998613","135","135","135","0.8196279934041254","0.8047493403693932","0.8294036061026352","135","135","135","0.8280962673464005","0.8129205921938087","0.8379120879120879","135","135","135","0.827382325871261","0.8213333333333332","0.8370786516853933","135","135","135","0.8196279934041254","0.8047493403693932","0.8294036061026352","135","135","135","0.8375147682356321","0.8150208623087621","0.8551336146272854","135","135","135","0.817142988088904","0.814516129032258","0.8229027962716378","135","135","135","0.8078310055672405","0.7972972972972973","0.8207171314741034","135","135","135","0.853913379091142","0.841248303934871","0.8750000000000001"
"7314","137","137","137","0.8211957994750891","0.8097165991902835","0.8319327731092437","137","137","137","0.824736452422527","0.8138297872340426","0.8347338935574229","137","137","137","0.8361169305685194","0.8222523744911805","0.8479776847977685","137","137","137","0.8380733597760368","0.8324175824175823","0.8465753424657535","137","137","137","0.824736452422527","0.8138297872340426","0.8347338935574229","137","137","137","0.837962964652645","0.8148148148148148","0.8535911602209945","137","137","137","0.8195483081453678","0.8131578947368422","0.8310991957104559","137","137","137","0.8120298531783028","0.8063241106719368","0.8201058201058202","137","137","137","0.8557331969250372","0.8385345997286296","0.8758716875871689"
"7420","139","139","139","0.8206606743319537","0.8142076502732241","0.8255319148936171","139","139","139","0.8205381340425968","0.816","0.8250000000000001","139","139","139","0.8327120960937838","0.8212824010914053","0.8449931412894376","139","139","139","0.8355962101831688","0.8290013679890561","0.8403819918144612","139","139","139","0.8205381340425968","0.816","0.8250000000000001","139","139","139","0.8336373585733348","0.8123249299719888","0.8505434782608695","139","139","139","0.8179529826289015","0.814419225634179","0.8272108843537416","139","139","139","0.8075756321123155","0.7960893854748603","0.8196286472148541","139","139","139","0.856672009815602","0.8388888888888889","0.8750000000000001"
"7526","141","141","141","0.816118739794906","0.8042049934296976","0.8253521126760562","141","141","141","0.82068233774214","0.81151832460733","0.8375350140056023","141","141","141","0.8301041427203272","0.814621409921671","0.841225626740947","141","141","141","0.8334257588442145","0.8269484808454426","0.8426966292134831","141","141","141","0.82068233774214","0.81151832460733","0.8375350140056023","141","141","141","0.8316011868604092","0.8082758620689654","0.8412483039348712","141","141","141","0.8179979498982408","0.8099606815203145","0.8265582655826559","141","141","141","0.8108877838929859","0.804780876494024","0.8269484808454426","141","141","141","0.8600061312708226","0.8489010989010989","0.876595744680851"
"7632","143","143","143","0.8199372505559814","0.8102981029810298","0.8338028169014083","143","143","143","0.8230153132417655","0.8150134048257373","0.8385269121813032","143","143","143","0.8268566144874931","0.8167115902964959","0.8335625859697386","143","143","143","0.8353379367814453","0.8266666666666667","0.8410958904109589","143","143","143","0.8230153132417655","0.8150134048257373","0.8385269121813032","143","143","143","0.8358117965361661","0.8268156424581006","0.8449931412894376","143","143","143","0.8150075295615071","0.8068783068783069","0.8233695652173914","143","143","143","0.8107376168296977","0.8048780487804879","0.824631860776439","143","143","143","0.8624887391818383","0.8523676880222841","0.8753541076487252"
"7738","145","145","145","0.8166888434256367","0.8100929614873836","0.8243626062322946","145","145","145","0.8215830182914751","0.811320754716981","0.8387096774193548","145","145","145","0.8273359241847977","0.8186666666666668","0.8335664335664335","145","145","145","0.8315643507274861","0.8284518828451883","0.8342696629213484","145","145","145","0.8215830182914751","0.811320754716981","0.8387096774193548","145","145","145","0.8402669806294784","0.8240223463687151","0.8508891928864568","145","145","145","0.8156369155823378","0.8027777777777778","0.8241610738255033","145","145","145","0.8112016911561273","0.8074369189907038","0.820855614973262","145","145","145","0.8600956999199647","0.8485675306957708","0.8698060941828255"
"7844","147","147","147","0.8205153605206282","0.8116343490304709","0.8359046283309958","147","147","147","0.8218179307436365","0.8128342245989304","0.8363636363636363","147","147","147","0.8250709702757494","0.8096590909090908","0.8335625859697385","147","147","147","0.8306868766163238","0.8228882833787466","0.8344549125168238","147","147","147","0.8218179307436365","0.8128342245989304","0.8363636363636363","147","147","147","0.8420160795412441","0.8370165745856354","0.84593837535014","147","147","147","0.8169107288635387","0.8133333333333332","0.8203753351206434","147","147","147","0.8091642661133387","0.8005390835579514","0.821954484605087","147","147","147","0.8560112738009173","0.8412483039348712","0.8756906077348067"
"7950","149","149","149","0.8209635399749731","0.8117489986648865","0.8338028169014083","149","149","149","0.8195428906912936","0.8125854993160055","0.829608938547486","149","149","149","0.8254628597958102","0.8062234794908061","0.8348993288590604","149","149","149","0.8332082390422008","0.8257887517146778","0.8418079096045197","149","149","149","0.8195428906912936","0.8125854993160055","0.829608938547486","149","149","149","0.8405479101547695","0.8277777777777778","0.8623087621696802","149","149","149","0.8187928970704117","0.8110964332892999","0.8227334235453315","149","149","149","0.8110982502064914","0.8032564450474898","0.8214765100671141","149","149","149","0.8572235561804259","0.8443843031123139","0.8708791208791209"
"8056","151","151","151","0.8218757844628696","0.8154050464807437","0.8359046283309958","151","151","151","0.8191881316829963","0.8127490039840637","0.8328690807799444","151","151","151","0.8324197232881664","0.8277703604806409","0.8406593406593407","151","151","151","0.8381390368668814","0.8256130790190735","0.8467741935483871","151","151","151","0.8191881316829963","0.8127490039840637","0.8328690807799444","151","151","151","0.8446519356575145","0.8282548476454293","0.8662952646239553","151","151","151","0.8160900746494223","0.8015768725361366","0.8265582655826559","151","151","151","0.809079861758619","0.7994722955145119","0.8191489361702129","151","151","151","0.8581922260617993","0.8489795918367347","0.8757062146892656"
"8162","153","153","153","0.8232077604689805","0.819047619047619","0.8321579689703809","153","153","153","0.8212255044620003","0.8095872170439414","0.835195530726257","153","153","153","0.8260968242447045","0.8125","0.8449931412894376","153","153","153","0.8367962447686373","0.8328840970350404","0.8394062078272604","153","153","153","0.8212255044620003","0.8095872170439414","0.835195530726257","153","153","153","0.8388706059526024","0.8235294117647058","0.8488210818307905","153","153","153","0.8186819402256301","0.8117489986648865","0.8227334235453315","153","153","153","0.8141150095661791","0.8085106382978724","0.8229027962716378","153","153","153","0.8529156085584868","0.8373983739837397","0.8785310734463276"
"8268","155","155","155","0.8232604675206243","0.8142292490118578","0.8338028169014083","155","155","155","0.8220019343088006","0.8095872170439414","0.829608938547486","155","155","155","0.8288206183636724","0.8147100424328146","0.8419580419580419","155","155","155","0.8355698547859323","0.8286516853932584","0.8419618528610355","155","155","155","0.8220019343088006","0.8095872170439414","0.829608938547486","155","155","155","0.8383392396730283","0.8257887517146777","0.850415512465374","155","155","155","0.820141738139888","0.812760055478502","0.8279569892473119","155","155","155","0.8128331178441435","0.8021248339973439","0.8229027962716378","155","155","155","0.8518813337988256","0.8426812585499316","0.8686030428769017"
"8374","157","157","157","0.8198153858231232","0.8115942028985507","0.8326300984528833","157","157","157","0.8216002044969517","0.8100929614873836","0.8330995792426368","157","157","157","0.828347209462604","0.8165007112375533","0.8375350140056023","157","157","157","0.8361974136442818","0.8251001335113485","0.8457300275482094","157","157","157","0.8216002044969517","0.8100929614873836","0.8330995792426368","157","157","157","0.8407733990768677","0.8235294117647058","0.8495821727019499","157","157","157","0.815792889081464","0.8031290743155151","0.8267394270122784","157","157","157","0.8107046489841752","0.804780876494024","0.821664464993395","157","157","157","0.8586913661822312","0.84593837535014","0.8757062146892656"
"8480","159","159","159","0.8198095470748104","0.8115942028985507","0.8284518828451882","159","159","159","0.8201366737329193","0.8144192256341789","0.829608938547486","159","159","159","0.8271127631365596","0.8203677510608204","0.8379888268156425","159","159","159","0.8357158774291091","0.822429906542056","0.8421052631578949","159","159","159","0.8201366737329193","0.8144192256341789","0.829608938547486","159","159","159","0.8422626544903355","0.8273972602739728","0.8543956043956044","159","159","159","0.8148064096761536","0.8100929614873839","0.822429906542056","159","159","159","0.8117496867950047","0.8005354752342704","0.8308921438082557","159","159","159","0.8525977698751618","0.8473177441540578","0.861671469740634"
"8586","161","161","161","0.8223142259766083","0.8126649076517151","0.8326300984528833","161","161","161","0.8184844577951041","0.8100929614873836","0.8317107093184978","161","161","161","0.8311534247259098","0.8170212765957449","0.8415147265077138","161","161","161","0.8346038325553312","0.8296703296703297","0.8410689170182841","161","161","161","0.8184844577951041","0.8100929614873836","0.8317107093184978","161","161","161","0.8409632194304086","0.8261474269819195","0.8646408839779005","161","161","161","0.819950439979644","0.8143236074270558","0.8299866131191432","161","161","161","0.8136213929409732","0.8074369189907038","0.8233731739707836","161","161","161","0.8530522597260809","0.8467966573816156","0.8646408839779005"
"8692","163","163","163","0.8225287772840758","0.8105263157894738","0.835195530726257","163","163","163","0.8209422422077589","0.8132450331125827","0.8328690807799444","163","163","163","0.831118884563347","0.8244897959183674","0.8399452804377566","163","163","163","0.8359437223008616","0.8262653898768809","0.8469945355191256","163","163","163","0.8209422422077589","0.8132450331125827","0.8328690807799444","163","163","163","0.839016433524481","0.8155339805825244","0.8539325842696629","163","163","163","0.8151945221518767","0.808454425363276","0.8183079056865464","163","163","163","0.8118872012302241","0.8059701492537314","0.8196286472148541","163","163","163","0.8550100129291733","0.8435374149659863","0.8669527896995709"
"8798","165","165","165","0.8193113373624497","0.8110964332892999","0.8321579689703809","165","165","165","0.8170178975999667","0.8095872170439414","0.8284518828451882","165","165","165","0.8345196692956206","0.8207171314741034","0.8551724137931035","165","165","165","0.8314527374980601","0.8263795423956932","0.8392370572207084","165","165","165","0.8170178975999667","0.8095872170439414","0.8284518828451882","165","165","165","0.8327309349224844","0.8172942817294282","0.8437067773167358","165","165","165","0.8153751999428241","0.8050139275766016","0.8224043715846995","165","165","165","0.813102488501403","0.8060109289617485","0.8255659121171772","165","165","165","0.8564785354736673","0.8381742738589212","0.8688524590163936"
"8904","167","167","167","0.8207971787896662","0.8126649076517151","0.829817158931083","167","167","167","0.8209445887422945","0.8133333333333335","0.8308115543328748","167","167","167","0.828969980200011","0.8164893617021276","0.8380952380952382","167","167","167","0.8373405590556195","0.8251366120218578","0.8469945355191256","167","167","167","0.8209445887422945","0.8133333333333335","0.8308115543328748","167","167","167","0.8385584436614764","0.8202247191011236","0.8579310344827585","167","167","167","0.8192140280683111","0.8127490039840638","0.8268456375838926","167","167","167","0.8116966076086845","0.8021828103683494","0.824","167","167","167","0.8597779344244378","0.8474576271186441","0.876056338028169"
"9010","169","169","169","0.8183869717365754","0.8073878627968336","0.828169014084507","169","169","169","0.8180417540948026","0.8092016238159675","0.8319327731092437","169","169","169","0.8281238210680162","0.8191489361702129","0.8388888888888889","169","169","169","0.8370076173372467","0.827127659574468","0.8458390177353343","169","169","169","0.8180417540948026","0.8092016238159675","0.8319327731092437","169","169","169","0.8394028387631893","0.8288543140028287","0.8512396694214877","169","169","169","0.8172951343333661","0.8095238095238095","0.8284182305630027","169","169","169","0.8133291966176868","0.8054794520547945","0.8282290279627165","169","169","169","0.8581585599313979","0.8500687757909215","0.8696883852691217"
"9116","171","171","171","0.823572705533868","0.8202396804260986","0.8338028169014083","171","171","171","0.8183492024663478","0.8053691275167784","0.8319327731092437","171","171","171","0.8298271566842257","0.8221906116642959","0.8422496570644719","171","171","171","0.839271573031591","0.8337801608579088","0.8432432432432433","171","171","171","0.8183492024663478","0.8053691275167784","0.8319327731092437","171","171","171","0.8374700352124067","0.8105849582172702","0.8575380359612725","171","171","171","0.819121017581446","0.8161559888579387","0.8257372654155496","171","171","171","0.8150438268668723","0.8082191780821917","0.8342245989304813","171","171","171","0.8605851763418544","0.8490832157968972","0.873758865248227"
"9222","173","173","173","0.823917102182266","0.8158940397350992","0.8382559774964837","173","173","173","0.8189509052995293","0.8100929614873836","0.8312412831241283","173","173","173","0.8278179445616333","0.8131241084165479","0.8422496570644719","173","173","173","0.8392546581168467","0.8255659121171771","0.8451086956521738","173","173","173","0.8189509052995293","0.8100929614873836","0.8312412831241283","173","173","173","0.8395416403949186","0.8192090395480226","0.8642659279778393","173","173","173","0.8193244704768979","0.814419225634179","0.824","173","173","173","0.8123163141583258","0.8027210884353742","0.8255659121171772","173","173","173","0.8536525017534426","0.8432732316227461","0.8688293370944994"
"9328","175","175","175","0.8239798488583048","0.8196286472148541","0.8326300984528833","175","175","175","0.8189062456742313","0.8129205921938087","0.8302945301542777","175","175","175","0.8261805688924537","0.813655761024182","0.834924965893588","175","175","175","0.8383964128393682","0.8326639892904953","0.8449931412894376","175","175","175","0.8189062456742313","0.8129205921938087","0.8302945301542777","175","175","175","0.8420360419893902","0.8270042194092826","0.8606896551724137","175","175","175","0.820958761957152","0.8148148148148149","0.8337801608579088","175","175","175","0.8133233919481702","0.8021680216802167","0.824","175","175","175","0.8537061145985433","0.8416666666666667","0.867231638418079"
"9434","177","177","177","0.8229965983851983","0.8163804491413474","0.8326300984528833","177","177","177","0.8172888644886621","0.8116710875331565","0.8256624825662484","177","177","177","0.8228627259952292","0.8113475177304965","0.8317373461012312","177","177","177","0.8377897755681134","0.8288770053475936","0.8429752066115701","177","177","177","0.8172888644886621","0.8116710875331565","0.8256624825662484","177","177","177","0.842354772517927","0.8326300984528833","0.8567493112947658","177","177","177","0.820203668886357","0.8128342245989304","0.8322147651006712","177","177","177","0.8137254048621572","0.8027210884353742","0.8229027962716378","177","177","177","0.8538133786858678","0.8416666666666667","0.8712871287128714"
"9540","179","179","179","0.8237631598032464","0.8185430463576159","0.8321579689703809","179","179","179","0.8212622074606392","0.8155080213903743","0.8268156424581006","179","179","179","0.8264260865939054","0.8165007112375533","0.8363136176066025","179","179","179","0.8367458098496157","0.829530201342282","0.8421052631578949","179","179","179","0.8212622074606392","0.8155080213903743","0.8268156424581006","179","179","179","0.8399691424256306","0.8230337078651685","0.859504132231405","179","179","179","0.8198340612539352","0.8149134487350199","0.8288770053475935","179","179","179","0.8150138908450018","0.8054421768707483","0.8266666666666667","179","179","179","0.8547589016630465","0.8481532147742818","0.8712871287128714"
"9646","181","181","181","0.8204576841143025","0.8115942028985507","0.8330995792426368","181","181","181","0.8214703696078466","0.8145161290322581","0.829608938547486","181","181","181","0.8250964951350157","0.8100263852242744","0.8387978142076502","181","181","181","0.8350813564351085","0.824468085106383","0.839506172839506","181","181","181","0.8214703696078466","0.8145161290322581","0.829608938547486","181","181","181","0.8401550101015001","0.8225352112676055","0.8567530695770805","181","181","181","0.8168213478426107","0.8100263852242744","0.8299866131191432","181","181","181","0.8150504263050324","0.8065395095367849","0.8251001335113485","181","181","181","0.8574539879745856","0.8465753424657535","0.8712871287128714"
"9752","183","183","183","0.8221508251388654","0.8158940397350992","0.8321579689703809","183","183","183","0.8197218314641613","0.8156123822341858","0.8307692307692308","183","183","183","0.8304934707168596","0.8203753351206434","0.8422496570644719","183","183","183","0.838736262496503","0.8353413654618473","0.8413597733711048","183","183","183","0.8197218314641613","0.8156123822341858","0.8307692307692308","183","183","183","0.8419209738664206","0.8286516853932584","0.8532235939643347","183","183","183","0.8172537881736641","0.8138888888888889","0.821954484605087","183","183","183","0.8153863604102298","0.8087431693989071","0.824","183","183","183","0.8580849646417079","0.8477366255144033","0.8712871287128714"
"9858","185","185","185","0.823010733935827","0.8154050464807437","0.8359046283309958","185","185","185","0.8201273305380191","0.8164893617021275","0.8284518828451882","185","185","185","0.828358657279091","0.8158940397350992","0.8434065934065934","185","185","185","0.8362730099626818","0.8288770053475936","0.8395061728395061","185","185","185","0.8201273305380191","0.8164893617021275","0.8284518828451882","185","185","185","0.8407185407522431","0.8321579689703806","0.853625170998632","185","185","185","0.8157878869945401","0.8110344827586207","0.822429906542056","185","185","185","0.8128575273420718","0.8005427408412482","0.8251001335113485","185","185","185","0.8578976035445477","0.8477366255144033","0.8688293370944994"
"9964","187","187","187","0.8225405363408029","0.8163804491413474","0.8326300984528833","187","187","187","0.818819430375275","0.8116710875331565","0.8256624825662484","187","187","187","0.8257875923742137","0.8144192256341789","0.8367626886145405","187","187","187","0.8374520542757569","0.8333333333333334","0.8426812585499317","187","187","187","0.818819430375275","0.8116710875331565","0.8256624825662484","187","187","187","0.8393891691985212","0.8274894810659187","0.848314606741573","187","187","187","0.8167970843015786","0.8133704735376045","0.8211382113821138","187","187","187","0.8134276630498765","0.7994579945799458","0.824","187","187","187","0.8603295534652773","0.8484848484848485","0.8762446657183499"
"10070","189","189","189","0.8227456601426203","0.8174603174603176","0.8338028169014083","189","189","189","0.8186104498870014","0.8127490039840637","0.829608938547486","189","189","189","0.826313101161924","0.8155080213903744","0.8353741496598639","189","189","189","0.8375612630624133","0.8342541436464089","0.8408163265306122","189","189","189","0.8186104498870014","0.8127490039840637","0.829608938547486","189","189","189","0.8376065975790015","0.8256624825662482","0.850480109739369","189","189","189","0.8173198978237106","0.8122392211404729","0.824","189","189","189","0.8126611935992856","0.7989203778677463","0.8255659121171772","189","189","189","0.859942703022625","0.850480109739369","0.8762446657183499"
"10176","191","191","191","0.8228477055009662","0.8163804491413474","0.8359046283309958","191","191","191","0.8200113728625043","0.8158940397350993","0.8257887517146778","191","191","191","0.8280840324652324","0.8175765645805593","0.8387978142076502","191","191","191","0.8375334242365368","0.8310991957104557","0.8442622950819672","191","191","191","0.8200113728625043","0.8158940397350993","0.8257887517146778","191","191","191","0.8382721796051202","0.8203677510608203","0.8516483516483517","191","191","191","0.8155584303560254","0.8077455048409405","0.8262032085561497","191","191","191","0.8126345279852734","0.7994579945799458","0.8255659121171772","191","191","191","0.8585853878882362","0.850480109739369","0.875"
"10282","193","193","193","0.8227862566906549","0.8163804491413474","0.8326300984528833","193","193","193","0.8210186980362305","0.8149134487350199","0.8307692307692308","193","193","193","0.8279944297403772","0.816","0.8395061728395062","193","193","193","0.8401846429729695","0.8364611260053618","0.8481532147742818","193","193","193","0.8210186980362305","0.8149134487350199","0.8307692307692308","193","193","193","0.8393514665499335","0.8274894810659187","0.854794520547945","193","193","193","0.8157038258585345","0.8111111111111111","0.823529411764706","193","193","193","0.813748557945132","0.8032564450474898","0.8266666666666667","193","193","193","0.8589780679169465","0.850480109739369","0.875"
"10388","195","195","195","0.823236774044154","0.8174603174603176","0.8338028169014083","195","195","195","0.8197966535788817","0.8100929614873836","0.8307692307692308","195","195","195","0.8271921905626444","0.8148148148148148","0.8372093023255812","195","195","195","0.8367156293154995","0.8310991957104557","0.8431105047748976","195","195","195","0.8197966535788817","0.8100929614873836","0.8307692307692308","195","195","195","0.8393455313841255","0.8291316526610645","0.8493150684931507","195","195","195","0.818386253331236","0.810511756569848","0.8299866131191432","195","195","195","0.8124601385204537","0.8032564450474898","0.824","195","195","195","0.8594580351847523","0.850480109739369","0.875"
"10494","197","197","197","0.8236634473469012","0.8163804491413474","0.8354430379746836","197","197","197","0.8186920503429977","0.8111702127659575","0.8324022346368716","197","197","197","0.8263008025154004","0.8158940397350992","0.8383561643835615","197","197","197","0.8384407656525532","0.8353413654618473","0.8431105047748976","197","197","197","0.8186920503429977","0.8111702127659575","0.8324022346368716","197","197","197","0.8403718332932447","0.8291316526610645","0.8543956043956044","197","197","197","0.8168687780533649","0.810511756569848","0.8262032085561497","197","197","197","0.8131197235198935","0.8043478260869565","0.824","197","197","197","0.8589889082765128","0.8493150684931507","0.875"
"10600","200","199","201","0.823558244553227","0.8174603174603176","0.8354430379746836","200","199","201","0.8182198289205113","0.8111702127659575","0.8284518828451882","200","199","201","0.8274364450122379","0.816976127320955","0.8383561643835615","200","199","201","0.8385987349048308","0.8326639892904953","0.8431105047748976","200","199","201","0.8182198289205113","0.8111702127659575","0.8284518828451882","200","199","201","0.8403565260676601","0.8291316526610645","0.8543956043956044","200","199","201","0.8177273939805307","0.810511756569848","0.8288770053475935","200","199","201","0.8128972848851055","0.8054421768707483","0.824","200","199","201","0.8592378414201827","0.8493150684931507","0.8762446657183499"